fact_id,pair_type,n_variants,n_correct,n_wrong
cf_10000,wrong_wrong,2,0,2
cf_10006,wrong_wrong,2,0,2
cf_10033,correct_wrong,2,1,1
cf_1004,wrong_wrong,2,0,2
cf_10043,wrong_wrong,2,0,2
cf_10047,wrong_wrong,2,0,2
cf_10076,wrong_wrong,2,0,2
cf_10079,wrong_wrong,2,0,2
cf_10101,correct_correct,2,2,0
cf_10106,correct_correct,2,2,0
cf_10110,correct_correct,2,2,0
cf_10120,correct_wrong,2,1,1
cf_10123,wrong_wrong,2,0,2
cf_10124,wrong_wrong,2,0,2
cf_10134,correct_correct,2,2,0
cf_10140,wrong_wrong,2,0,2
cf_10144,correct_wrong,2,1,1
cf_1016,correct_wrong,2,1,1
cf_10160,wrong_wrong,2,0,2
cf_10165,correct_correct,2,2,0
cf_10167,wrong_wrong,2,0,2
cf_10171,wrong_wrong,2,0,2
cf_10182,correct_wrong,2,1,1
cf_10192,wrong_wrong,2,0,2
cf_1020,wrong_wrong,2,0,2
cf_10211,correct_wrong,2,1,1
cf_10214,wrong_wrong,2,0,2
cf_10222,wrong_wrong,2,0,2
cf_10238,wrong_wrong,2,0,2
cf_10240,wrong_wrong,2,0,2
cf_10241,wrong_wrong,2,0,2
cf_10242,correct_correct,2,2,0
cf_10247,wrong_wrong,2,0,2
cf_10258,wrong_wrong,2,0,2
cf_10276,wrong_wrong,2,0,2
cf_10278,correct_wrong,2,1,1
cf_10286,correct_correct,2,2,0
cf_1029,wrong_wrong,2,0,2
cf_10295,wrong_wrong,2,0,2
cf_10301,correct_wrong,2,1,1
cf_10306,correct_wrong,2,1,1
cf_10311,wrong_wrong,2,0,2
cf_10336,wrong_wrong,2,0,2
cf_10339,correct_correct,2,2,0
cf_10341,correct_correct,2,2,0
cf_10359,correct_wrong,2,1,1
cf_10360,correct_wrong,2,1,1
cf_10366,wrong_wrong,2,0,2
cf_10376,correct_correct,2,2,0
cf_10388,correct_correct,2,2,0
cf_10397,correct_wrong,2,1,1
cf_1041,correct_correct,2,2,0
cf_10426,correct_wrong,2,1,1
cf_10437,correct_wrong,2,1,1
cf_10442,wrong_wrong,2,0,2
cf_10456,wrong_wrong,2,0,2
cf_10463,wrong_wrong,2,0,2
cf_10472,correct_wrong,2,1,1
cf_10476,correct_correct,2,2,0
cf_1051,correct_wrong,2,1,1
cf_10520,correct_wrong,2,1,1
cf_10525,correct_wrong,2,1,1
cf_10535,correct_correct,2,2,0
cf_10544,wrong_wrong,2,0,2
cf_10554,correct_correct,2,2,0
cf_10559,correct_correct,2,2,0
cf_10561,correct_wrong,2,1,1
cf_10572,correct_wrong,2,1,1
cf_10590,wrong_wrong,2,0,2
cf_10593,correct_wrong,2,1,1
cf_106,wrong_wrong,2,0,2
cf_10609,correct_wrong,2,1,1
cf_1061,correct_correct,2,2,0
cf_10621,correct_wrong,2,1,1
cf_10626,wrong_wrong,2,0,2
cf_10629,wrong_wrong,2,0,2
cf_10642,wrong_wrong,2,0,2
cf_10650,correct_wrong,2,1,1
cf_10655,correct_wrong,2,1,1
cf_10688,correct_wrong,2,1,1
cf_1069,correct_correct,2,2,0
cf_10705,wrong_wrong,2,0,2
cf_10710,wrong_wrong,2,0,2
cf_1072,wrong_wrong,2,0,2
cf_10726,wrong_wrong,2,0,2
cf_10729,wrong_wrong,2,0,2
cf_10745,wrong_wrong,2,0,2
cf_10746,wrong_wrong,2,0,2
cf_10748,wrong_wrong,2,0,2
cf_10751,wrong_wrong,2,0,2
cf_10756,correct_correct,2,2,0
cf_10763,correct_wrong,2,1,1
cf_10766,correct_correct,2,2,0
cf_10801,wrong_wrong,2,0,2
cf_10803,correct_wrong,2,1,1
cf_10807,wrong_wrong,2,0,2
cf_10819,correct_wrong,2,1,1
cf_10827,correct_wrong,2,1,1
cf_10839,correct_wrong,2,1,1
cf_10842,wrong_wrong,2,0,2
cf_10851,wrong_wrong,2,0,2
cf_10876,wrong_wrong,2,0,2
cf_10878,correct_correct,2,2,0
cf_10885,wrong_wrong,2,0,2
cf_10893,correct_correct,2,2,0
cf_10895,wrong_wrong,2,0,2
cf_10913,correct_correct,2,2,0
cf_10921,wrong_wrong,2,0,2
cf_10923,wrong_wrong,2,0,2
cf_10928,wrong_wrong,2,0,2
cf_10929,correct_wrong,2,1,1
cf_1093,correct_wrong,2,1,1
cf_10965,correct_correct,2,2,0
cf_10983,correct_wrong,2,1,1
cf_10986,wrong_wrong,2,0,2
cf_11005,wrong_wrong,2,0,2
cf_11014,wrong_wrong,2,0,2
cf_11022,wrong_wrong,2,0,2
cf_11023,correct_correct,2,2,0
cf_11029,wrong_wrong,2,0,2
cf_11035,correct_correct,2,2,0
cf_11059,correct_wrong,2,1,1
cf_11063,wrong_wrong,2,0,2
cf_11078,correct_wrong,2,1,1
cf_11087,wrong_wrong,2,0,2
cf_11093,wrong_wrong,2,0,2
cf_11099,wrong_wrong,2,0,2
cf_11106,wrong_wrong,2,0,2
cf_11109,wrong_wrong,2,0,2
cf_11111,wrong_wrong,2,0,2
cf_11118,correct_wrong,2,1,1
cf_11125,wrong_wrong,2,0,2
cf_11135,wrong_wrong,2,0,2
cf_11137,wrong_wrong,2,0,2
cf_11146,correct_correct,2,2,0
cf_11147,correct_wrong,2,1,1
cf_11149,wrong_wrong,2,0,2
cf_11152,wrong_wrong,2,0,2
cf_11164,correct_wrong,2,1,1
cf_11170,wrong_wrong,2,0,2
cf_11181,wrong_wrong,2,0,2
cf_11197,wrong_wrong,2,0,2
cf_11235,wrong_wrong,2,0,2
cf_11253,correct_wrong,2,1,1
cf_11264,wrong_wrong,2,0,2
cf_11270,correct_wrong,2,1,1
cf_11289,wrong_wrong,2,0,2
cf_11298,correct_wrong,2,1,1
cf_11309,correct_wrong,2,1,1
cf_11310,wrong_wrong,2,0,2
cf_11317,wrong_wrong,2,0,2
cf_11323,correct_wrong,2,1,1
cf_11327,wrong_wrong,2,0,2
cf_11338,correct_wrong,2,1,1
cf_11377,correct_wrong,2,1,1
cf_11384,wrong_wrong,2,0,2
cf_1140,correct_correct,2,2,0
cf_11401,correct_correct,2,2,0
cf_11436,correct_wrong,2,1,1
cf_11448,wrong_wrong,2,0,2
cf_11455,wrong_wrong,2,0,2
cf_11457,wrong_wrong,2,0,2
cf_11462,wrong_wrong,2,0,2
cf_11467,wrong_wrong,2,0,2
cf_11472,correct_wrong,2,1,1
cf_11502,wrong_wrong,2,0,2
cf_11504,wrong_wrong,2,0,2
cf_11506,wrong_wrong,2,0,2
cf_11519,correct_correct,2,2,0
cf_11522,wrong_wrong,2,0,2
cf_11526,wrong_wrong,2,0,2
cf_11528,correct_wrong,2,1,1
cf_11532,wrong_wrong,2,0,2
cf_11544,wrong_wrong,2,0,2
cf_11552,wrong_wrong,2,0,2
cf_11561,wrong_wrong,2,0,2
cf_11563,correct_correct,2,2,0
cf_11586,wrong_wrong,2,0,2
cf_11589,wrong_wrong,2,0,2
cf_116,correct_correct,2,2,0
cf_11605,wrong_wrong,2,0,2
cf_11609,wrong_wrong,2,0,2
cf_11626,wrong_wrong,2,0,2
cf_11641,correct_wrong,2,1,1
cf_11697,correct_correct,2,2,0
cf_11701,wrong_wrong,2,0,2
cf_11724,wrong_wrong,2,0,2
cf_11738,wrong_wrong,2,0,2
cf_11746,correct_wrong,2,1,1
cf_11753,wrong_wrong,2,0,2
cf_1176,wrong_wrong,2,0,2
cf_11762,wrong_wrong,2,0,2
cf_11763,wrong_wrong,2,0,2
cf_1180,correct_correct,2,2,0
cf_11816,wrong_wrong,2,0,2
cf_11825,wrong_wrong,2,0,2
cf_11845,correct_wrong,2,1,1
cf_11850,correct_wrong,2,1,1
cf_11854,wrong_wrong,2,0,2
cf_11856,wrong_wrong,2,0,2
cf_11857,wrong_wrong,2,0,2
cf_11861,wrong_wrong,2,0,2
cf_11863,wrong_wrong,2,0,2
cf_11866,correct_wrong,2,1,1
cf_11868,wrong_wrong,2,0,2
cf_11879,wrong_wrong,2,0,2
cf_11881,wrong_wrong,2,0,2
cf_11884,wrong_wrong,2,0,2
cf_11894,wrong_wrong,2,0,2
cf_11904,correct_wrong,2,1,1
cf_11924,wrong_wrong,2,0,2
cf_11934,wrong_wrong,2,0,2
cf_11937,wrong_wrong,2,0,2
cf_11948,wrong_wrong,2,0,2
cf_11954,correct_wrong,2,1,1
cf_11955,wrong_wrong,2,0,2
cf_11980,correct_correct,2,2,0
cf_11985,wrong_wrong,2,0,2
cf_11988,correct_wrong,2,1,1
cf_1199,wrong_wrong,2,0,2
cf_11991,wrong_wrong,2,0,2
cf_12003,correct_correct,2,2,0
cf_1202,wrong_wrong,2,0,2
cf_12024,wrong_wrong,2,0,2
cf_12036,wrong_wrong,2,0,2
cf_12037,wrong_wrong,2,0,2
cf_12044,wrong_wrong,2,0,2
cf_12053,wrong_wrong,2,0,2
cf_12059,wrong_wrong,2,0,2
cf_12077,wrong_wrong,2,0,2
cf_12082,correct_correct,2,2,0
cf_12087,wrong_wrong,2,0,2
cf_12088,correct_wrong,2,1,1
cf_12092,wrong_wrong,2,0,2
cf_12098,correct_wrong,2,1,1
cf_12108,wrong_wrong,2,0,2
cf_1211,wrong_wrong,2,0,2
cf_12125,wrong_wrong,2,0,2
cf_1213,correct_wrong,2,1,1
cf_12130,correct_wrong,2,1,1
cf_12141,wrong_wrong,2,0,2
cf_12142,correct_wrong,2,1,1
cf_12155,wrong_wrong,2,0,2
cf_12157,wrong_wrong,2,0,2
cf_12163,wrong_wrong,2,0,2
cf_12172,wrong_wrong,2,0,2
cf_1219,wrong_wrong,2,0,2
cf_12190,correct_wrong,2,1,1
cf_12210,correct_correct,2,2,0
cf_12217,correct_correct,2,2,0
cf_12228,correct_correct,2,2,0
cf_12232,correct_wrong,2,1,1
cf_12236,wrong_wrong,2,0,2
cf_12252,wrong_wrong,2,0,2
cf_12253,correct_correct,2,2,0
cf_12265,wrong_wrong,2,0,2
cf_12282,wrong_wrong,2,0,2
cf_12285,correct_correct,2,2,0
cf_12298,correct_correct,2,2,0
cf_1232,wrong_wrong,2,0,2
cf_12327,correct_wrong,2,1,1
cf_12343,wrong_wrong,2,0,2
cf_12344,correct_wrong,2,1,1
cf_1236,wrong_wrong,2,0,2
cf_12360,wrong_wrong,2,0,2
cf_12403,wrong_wrong,2,0,2
cf_12418,wrong_wrong,2,0,2
cf_12422,correct_correct,2,2,0
cf_12423,wrong_wrong,2,0,2
cf_12433,wrong_wrong,2,0,2
cf_12449,correct_correct,2,2,0
cf_12452,correct_wrong,2,1,1
cf_12455,correct_wrong,2,1,1
cf_12458,wrong_wrong,2,0,2
cf_12464,wrong_wrong,2,0,2
cf_12481,wrong_wrong,2,0,2
cf_12485,wrong_wrong,2,0,2
cf_12492,correct_correct,2,2,0
cf_12496,wrong_wrong,2,0,2
cf_12504,correct_correct,2,2,0
cf_12513,wrong_wrong,2,0,2
cf_1253,correct_correct,2,2,0
cf_12535,wrong_wrong,2,0,2
cf_12545,wrong_wrong,2,0,2
cf_12549,wrong_wrong,2,0,2
cf_1255,correct_wrong,2,1,1
cf_12551,correct_correct,2,2,0
cf_12569,correct_correct,2,2,0
cf_12582,wrong_wrong,2,0,2
cf_12587,wrong_wrong,2,0,2
cf_12598,wrong_wrong,2,0,2
cf_12605,correct_wrong,2,1,1
cf_12608,wrong_wrong,2,0,2
cf_12622,correct_correct,2,2,0
cf_12651,correct_wrong,2,1,1
cf_12653,wrong_wrong,2,0,2
cf_12659,wrong_wrong,2,0,2
cf_12666,wrong_wrong,2,0,2
cf_12669,wrong_wrong,2,0,2
cf_12677,correct_correct,2,2,0
cf_1268,wrong_wrong,2,0,2
cf_12680,correct_correct,2,2,0
cf_12694,wrong_wrong,2,0,2
cf_12735,wrong_wrong,2,0,2
cf_12742,correct_correct,2,2,0
cf_1275,wrong_wrong,2,0,2
cf_12762,wrong_wrong,2,0,2
cf_12779,correct_wrong,2,1,1
cf_12793,correct_correct,2,2,0
cf_12794,correct_correct,2,2,0
cf_1282,correct_correct,2,2,0
cf_12843,wrong_wrong,2,0,2
cf_12876,wrong_wrong,2,0,2
cf_12885,correct_correct,2,2,0
cf_12907,wrong_wrong,2,0,2
cf_1291,correct_correct,2,2,0
cf_12911,wrong_wrong,2,0,2
cf_12929,wrong_wrong,2,0,2
cf_12951,correct_wrong,2,1,1
cf_12964,wrong_wrong,2,0,2
cf_12968,correct_wrong,2,1,1
cf_12969,wrong_wrong,2,0,2
cf_12991,wrong_wrong,2,0,2
cf_12997,wrong_wrong,2,0,2
cf_13,correct_wrong,2,1,1
cf_13011,correct_correct,2,2,0
cf_1302,wrong_wrong,2,0,2
cf_13022,wrong_wrong,2,0,2
cf_13024,correct_correct,2,2,0
cf_13042,wrong_wrong,2,0,2
cf_13046,correct_correct,2,2,0
cf_13049,wrong_wrong,2,0,2
cf_13056,wrong_wrong,2,0,2
cf_1306,correct_wrong,2,1,1
cf_13065,wrong_wrong,2,0,2
cf_1307,wrong_wrong,2,0,2
cf_13074,wrong_wrong,2,0,2
cf_13087,wrong_wrong,2,0,2
cf_13095,correct_wrong,2,1,1
cf_13096,correct_correct,2,2,0
cf_13107,wrong_wrong,2,0,2
cf_13121,correct_correct,2,2,0
cf_13122,wrong_wrong,2,0,2
cf_13126,wrong_wrong,2,0,2
cf_13130,wrong_wrong,2,0,2
cf_13132,correct_wrong,2,1,1
cf_13141,wrong_wrong,2,0,2
cf_13145,wrong_wrong,2,0,2
cf_13152,wrong_wrong,2,0,2
cf_13160,correct_correct,2,2,0
cf_1318,correct_wrong,2,1,1
cf_13185,wrong_wrong,2,0,2
cf_13189,wrong_wrong,2,0,2
cf_1319,correct_wrong,2,1,1
cf_13193,correct_correct,2,2,0
cf_13213,wrong_wrong,2,0,2
cf_13230,wrong_wrong,2,0,2
cf_13244,wrong_wrong,2,0,2
cf_13248,correct_wrong,2,1,1
cf_13251,wrong_wrong,2,0,2
cf_13252,wrong_wrong,2,0,2
cf_13272,correct_wrong,2,1,1
cf_13306,wrong_wrong,2,0,2
cf_13310,wrong_wrong,2,0,2
cf_13316,wrong_wrong,2,0,2
cf_13317,correct_correct,2,2,0
cf_13338,correct_correct,2,2,0
cf_13356,wrong_wrong,2,0,2
cf_13369,correct_wrong,2,1,1
cf_13373,correct_wrong,2,1,1
cf_13379,correct_wrong,2,1,1
cf_13380,wrong_wrong,2,0,2
cf_13382,correct_correct,2,2,0
cf_13386,correct_wrong,2,1,1
cf_13394,correct_wrong,2,1,1
cf_13416,correct_correct,2,2,0
cf_13434,wrong_wrong,2,0,2
cf_1344,wrong_wrong,2,0,2
cf_1345,correct_wrong,2,1,1
cf_13460,correct_wrong,2,1,1
cf_13461,wrong_wrong,2,0,2
cf_13463,correct_correct,2,2,0
cf_13470,correct_correct,2,2,0
cf_13488,correct_wrong,2,1,1
cf_1349,correct_correct,2,2,0
cf_13491,wrong_wrong,2,0,2
cf_13502,wrong_wrong,2,0,2
cf_13510,wrong_wrong,2,0,2
cf_13541,wrong_wrong,2,0,2
cf_13559,correct_wrong,2,1,1
cf_13571,wrong_wrong,2,0,2
cf_13580,correct_wrong,2,1,1
cf_13594,wrong_wrong,2,0,2
cf_13595,wrong_wrong,2,0,2
cf_13596,wrong_wrong,2,0,2
cf_13614,correct_wrong,2,1,1
cf_13615,wrong_wrong,2,0,2
cf_13619,correct_wrong,2,1,1
cf_13624,correct_correct,2,2,0
cf_13631,correct_wrong,2,1,1
cf_13637,wrong_wrong,2,0,2
cf_13650,wrong_wrong,2,0,2
cf_13686,correct_wrong,2,1,1
cf_1370,wrong_wrong,2,0,2
cf_13701,wrong_wrong,2,0,2
cf_13718,wrong_wrong,2,0,2
cf_1373,correct_correct,2,2,0
cf_13730,wrong_wrong,2,0,2
cf_13733,correct_correct,2,2,0
cf_13737,wrong_wrong,2,0,2
cf_13746,wrong_wrong,2,0,2
cf_13756,correct_wrong,2,1,1
cf_13757,wrong_wrong,2,0,2
cf_13764,wrong_wrong,2,0,2
cf_13767,wrong_wrong,2,0,2
cf_13777,wrong_wrong,2,0,2
cf_13794,wrong_wrong,2,0,2
cf_13813,wrong_wrong,2,0,2
cf_13824,wrong_wrong,2,0,2
cf_13825,wrong_wrong,2,0,2
cf_13833,wrong_wrong,2,0,2
cf_13848,correct_wrong,2,1,1
cf_13858,wrong_wrong,2,0,2
cf_1386,wrong_wrong,2,0,2
cf_13861,correct_wrong,2,1,1
cf_13865,wrong_wrong,2,0,2
cf_13869,wrong_wrong,2,0,2
cf_1387,wrong_wrong,2,0,2
cf_13874,wrong_wrong,2,0,2
cf_13879,wrong_wrong,2,0,2
cf_13894,wrong_wrong,2,0,2
cf_13903,wrong_wrong,2,0,2
cf_13910,correct_correct,2,2,0
cf_13930,correct_wrong,2,1,1
cf_13931,wrong_wrong,2,0,2
cf_13942,wrong_wrong,2,0,2
cf_13962,correct_wrong,2,1,1
cf_13968,wrong_wrong,2,0,2
cf_13983,correct_correct,2,2,0
cf_13984,correct_correct,2,2,0
cf_14014,wrong_wrong,2,0,2
cf_14037,correct_wrong,2,1,1
cf_14038,wrong_wrong,2,0,2
cf_14044,wrong_wrong,2,0,2
cf_14051,correct_correct,2,2,0
cf_14061,wrong_wrong,2,0,2
cf_14065,wrong_wrong,2,0,2
cf_14066,wrong_wrong,2,0,2
cf_14083,correct_wrong,2,1,1
cf_14086,correct_wrong,2,1,1
cf_14087,wrong_wrong,2,0,2
cf_14092,wrong_wrong,2,0,2
cf_14096,wrong_wrong,2,0,2
cf_14110,wrong_wrong,2,0,2
cf_14111,correct_wrong,2,1,1
cf_14112,wrong_wrong,2,0,2
cf_14120,wrong_wrong,2,0,2
cf_14124,wrong_wrong,2,0,2
cf_14132,wrong_wrong,2,0,2
cf_14151,correct_wrong,2,1,1
cf_14156,wrong_wrong,2,0,2
cf_14176,correct_correct,2,2,0
cf_1420,wrong_wrong,2,0,2
cf_14205,wrong_wrong,2,0,2
cf_14220,wrong_wrong,2,0,2
cf_1423,wrong_wrong,2,0,2
cf_14239,wrong_wrong,2,0,2
cf_14246,correct_correct,2,2,0
cf_14252,correct_wrong,2,1,1
cf_1426,correct_wrong,2,1,1
cf_14270,correct_correct,2,2,0
cf_14272,correct_wrong,2,1,1
cf_14276,correct_correct,2,2,0
cf_14281,wrong_wrong,2,0,2
cf_14283,correct_wrong,2,1,1
cf_14288,wrong_wrong,2,0,2
cf_14294,correct_correct,2,2,0
cf_14299,correct_wrong,2,1,1
cf_1430,wrong_wrong,2,0,2
cf_1431,correct_correct,2,2,0
cf_14310,wrong_wrong,2,0,2
cf_14318,wrong_wrong,2,0,2
cf_14335,wrong_wrong,2,0,2
cf_14341,wrong_wrong,2,0,2
cf_14344,wrong_wrong,2,0,2
cf_1435,correct_wrong,2,1,1
cf_14355,wrong_wrong,2,0,2
cf_14356,wrong_wrong,2,0,2
cf_14358,wrong_wrong,2,0,2
cf_14390,correct_correct,2,2,0
cf_14398,wrong_wrong,2,0,2
cf_14404,wrong_wrong,2,0,2
cf_14409,wrong_wrong,2,0,2
cf_14410,correct_correct,2,2,0
cf_14413,wrong_wrong,2,0,2
cf_14427,wrong_wrong,2,0,2
cf_14433,correct_correct,2,2,0
cf_14437,correct_wrong,2,1,1
cf_1444,correct_wrong,2,1,1
cf_14444,wrong_wrong,2,0,2
cf_14474,correct_wrong,2,1,1
cf_14476,wrong_wrong,2,0,2
cf_14478,correct_correct,2,2,0
cf_14484,wrong_wrong,2,0,2
cf_14488,wrong_wrong,2,0,2
cf_14490,correct_correct,2,2,0
cf_14502,wrong_wrong,2,0,2
cf_14507,wrong_wrong,2,0,2
cf_14519,correct_wrong,2,1,1
cf_1452,wrong_wrong,2,0,2
cf_14520,wrong_wrong,2,0,2
cf_14528,wrong_wrong,2,0,2
cf_14534,wrong_wrong,2,0,2
cf_14538,wrong_wrong,2,0,2
cf_1454,correct_wrong,2,1,1
cf_14545,wrong_wrong,2,0,2
cf_14547,correct_correct,2,2,0
cf_14555,correct_correct,2,2,0
cf_14571,correct_wrong,2,1,1
cf_14585,wrong_wrong,2,0,2
cf_14611,wrong_wrong,2,0,2
cf_14623,correct_wrong,2,1,1
cf_14632,wrong_wrong,2,0,2
cf_14651,wrong_wrong,2,0,2
cf_14685,wrong_wrong,2,0,2
cf_14689,correct_wrong,2,1,1
cf_14699,wrong_wrong,2,0,2
cf_14700,correct_correct,2,2,0
cf_14709,wrong_wrong,2,0,2
cf_14710,correct_wrong,2,1,1
cf_14719,wrong_wrong,2,0,2
cf_14723,wrong_wrong,2,0,2
cf_14732,wrong_wrong,2,0,2
cf_14736,correct_correct,2,2,0
cf_14743,correct_wrong,2,1,1
cf_14744,correct_wrong,2,1,1
cf_14747,correct_wrong,2,1,1
cf_14757,correct_correct,2,2,0
cf_14762,wrong_wrong,2,0,2
cf_14771,wrong_wrong,2,0,2
cf_14782,wrong_wrong,2,0,2
cf_14794,wrong_wrong,2,0,2
cf_14796,wrong_wrong,2,0,2
cf_14808,wrong_wrong,2,0,2
cf_14811,correct_correct,2,2,0
cf_14812,wrong_wrong,2,0,2
cf_1482,wrong_wrong,2,0,2
cf_1484,wrong_wrong,2,0,2
cf_1485,wrong_wrong,2,0,2
cf_14857,correct_correct,2,2,0
cf_14860,correct_wrong,2,1,1
cf_14861,correct_correct,2,2,0
cf_14864,wrong_wrong,2,0,2
cf_14865,correct_wrong,2,1,1
cf_14867,correct_wrong,2,1,1
cf_14868,wrong_wrong,2,0,2
cf_14877,correct_correct,2,2,0
cf_1488,wrong_wrong,2,0,2
cf_1489,wrong_wrong,2,0,2
cf_14899,correct_wrong,2,1,1
cf_14900,wrong_wrong,2,0,2
cf_14902,wrong_wrong,2,0,2
cf_14903,wrong_wrong,2,0,2
cf_14909,correct_wrong,2,1,1
cf_1491,correct_correct,2,2,0
cf_14920,wrong_wrong,2,0,2
cf_14923,wrong_wrong,2,0,2
cf_14957,wrong_wrong,2,0,2
cf_14967,correct_correct,2,2,0
cf_14969,wrong_wrong,2,0,2
cf_14972,correct_correct,2,2,0
cf_14974,correct_wrong,2,1,1
cf_14978,correct_correct,2,2,0
cf_14982,wrong_wrong,2,0,2
cf_14997,wrong_wrong,2,0,2
cf_15009,correct_wrong,2,1,1
cf_1501,wrong_wrong,2,0,2
cf_15017,wrong_wrong,2,0,2
cf_15035,correct_correct,2,2,0
cf_15054,correct_wrong,2,1,1
cf_15059,correct_correct,2,2,0
cf_15064,correct_correct,2,2,0
cf_15065,wrong_wrong,2,0,2
cf_1507,correct_correct,2,2,0
cf_15076,wrong_wrong,2,0,2
cf_15083,correct_wrong,2,1,1
cf_15110,wrong_wrong,2,0,2
cf_15120,correct_wrong,2,1,1
cf_15128,wrong_wrong,2,0,2
cf_15130,correct_wrong,2,1,1
cf_15138,wrong_wrong,2,0,2
cf_1514,correct_correct,2,2,0
cf_15147,correct_correct,2,2,0
cf_15159,correct_wrong,2,1,1
cf_15162,wrong_wrong,2,0,2
cf_15202,wrong_wrong,2,0,2
cf_15213,wrong_wrong,2,0,2
cf_15218,wrong_wrong,2,0,2
cf_15222,wrong_wrong,2,0,2
cf_15224,correct_correct,2,2,0
cf_15225,correct_wrong,2,1,1
cf_15227,wrong_wrong,2,0,2
cf_15232,wrong_wrong,2,0,2
cf_15236,correct_wrong,2,1,1
cf_15238,wrong_wrong,2,0,2
cf_15245,correct_wrong,2,1,1
cf_15264,correct_wrong,2,1,1
cf_15267,wrong_wrong,2,0,2
cf_15285,correct_wrong,2,1,1
cf_15296,correct_correct,2,2,0
cf_15303,correct_wrong,2,1,1
cf_15315,correct_correct,2,2,0
cf_15337,wrong_wrong,2,0,2
cf_15346,correct_correct,2,2,0
cf_15358,wrong_wrong,2,0,2
cf_15365,correct_wrong,2,1,1
cf_15368,correct_wrong,2,1,1
cf_15371,wrong_wrong,2,0,2
cf_15381,correct_wrong,2,1,1
cf_15384,correct_wrong,2,1,1
cf_15398,wrong_wrong,2,0,2
cf_15401,correct_wrong,2,1,1
cf_15405,correct_correct,2,2,0
cf_15411,correct_wrong,2,1,1
cf_15417,wrong_wrong,2,0,2
cf_15420,wrong_wrong,2,0,2
cf_15423,correct_correct,2,2,0
cf_1543,correct_wrong,2,1,1
cf_15449,correct_wrong,2,1,1
cf_15473,wrong_wrong,2,0,2
cf_15481,correct_wrong,2,1,1
cf_15488,wrong_wrong,2,0,2
cf_15498,wrong_wrong,2,0,2
cf_15505,correct_correct,2,2,0
cf_15507,wrong_wrong,2,0,2
cf_15512,correct_wrong,2,1,1
cf_15517,correct_wrong,2,1,1
cf_15523,wrong_wrong,2,0,2
cf_15540,wrong_wrong,2,0,2
cf_15554,wrong_wrong,2,0,2
cf_15569,wrong_wrong,2,0,2
cf_15574,wrong_wrong,2,0,2
cf_15585,correct_correct,2,2,0
cf_15600,correct_wrong,2,1,1
cf_15605,wrong_wrong,2,0,2
cf_15623,correct_wrong,2,1,1
cf_15629,wrong_wrong,2,0,2
cf_1564,wrong_wrong,2,0,2
cf_15654,wrong_wrong,2,0,2
cf_1566,wrong_wrong,2,0,2
cf_15680,correct_correct,2,2,0
cf_15684,correct_correct,2,2,0
cf_15686,wrong_wrong,2,0,2
cf_15695,correct_wrong,2,1,1
cf_15747,correct_wrong,2,1,1
cf_15773,wrong_wrong,2,0,2
cf_15789,correct_wrong,2,1,1
cf_15800,wrong_wrong,2,0,2
cf_15810,correct_wrong,2,1,1
cf_15825,correct_wrong,2,1,1
cf_15833,correct_wrong,2,1,1
cf_15843,wrong_wrong,2,0,2
cf_15866,correct_wrong,2,1,1
cf_15867,wrong_wrong,2,0,2
cf_15870,wrong_wrong,2,0,2
cf_15879,correct_correct,2,2,0
cf_15883,correct_wrong,2,1,1
cf_15906,wrong_wrong,2,0,2
cf_15913,wrong_wrong,2,0,2
cf_15914,wrong_wrong,2,0,2
cf_15924,wrong_wrong,2,0,2
cf_15934,wrong_wrong,2,0,2
cf_1594,wrong_wrong,2,0,2
cf_15945,wrong_wrong,2,0,2
cf_15947,correct_correct,2,2,0
cf_15976,wrong_wrong,2,0,2
cf_15989,wrong_wrong,2,0,2
cf_15998,wrong_wrong,2,0,2
cf_16008,wrong_wrong,2,0,2
cf_16009,wrong_wrong,2,0,2
cf_16010,correct_wrong,2,1,1
cf_16034,correct_wrong,2,1,1
cf_16044,wrong_wrong,2,0,2
cf_16062,correct_wrong,2,1,1
cf_16065,correct_wrong,2,1,1
cf_1607,wrong_wrong,2,0,2
cf_16083,wrong_wrong,2,0,2
cf_16085,wrong_wrong,2,0,2
cf_16095,wrong_wrong,2,0,2
cf_16112,wrong_wrong,2,0,2
cf_16113,wrong_wrong,2,0,2
cf_16142,correct_wrong,2,1,1
cf_16171,correct_correct,2,2,0
cf_16180,wrong_wrong,2,0,2
cf_16188,wrong_wrong,2,0,2
cf_16191,wrong_wrong,2,0,2
cf_16197,wrong_wrong,2,0,2
cf_16199,wrong_wrong,2,0,2
cf_16216,wrong_wrong,2,0,2
cf_16230,wrong_wrong,2,0,2
cf_16235,wrong_wrong,2,0,2
cf_16259,correct_wrong,2,1,1
cf_16276,correct_correct,2,2,0
cf_16297,wrong_wrong,2,0,2
cf_16298,correct_correct,2,2,0
cf_1630,wrong_wrong,2,0,2
cf_16302,correct_wrong,2,1,1
cf_16307,wrong_wrong,2,0,2
cf_16319,correct_wrong,2,1,1
cf_16327,correct_wrong,2,1,1
cf_16330,wrong_wrong,2,0,2
cf_16334,wrong_wrong,2,0,2
cf_16343,correct_wrong,2,1,1
cf_16352,wrong_wrong,2,0,2
cf_16358,correct_wrong,2,1,1
cf_16378,correct_correct,2,2,0
cf_16386,wrong_wrong,2,0,2
cf_16392,wrong_wrong,2,0,2
cf_16399,correct_correct,2,2,0
cf_16403,wrong_wrong,2,0,2
cf_16428,wrong_wrong,2,0,2
cf_1643,correct_wrong,2,1,1
cf_16442,wrong_wrong,2,0,2
cf_16449,wrong_wrong,2,0,2
cf_1645,wrong_wrong,2,0,2
cf_16459,correct_wrong,2,1,1
cf_16468,correct_wrong,2,1,1
cf_1647,correct_wrong,2,1,1
cf_16477,wrong_wrong,2,0,2
cf_16479,correct_wrong,2,1,1
cf_16509,correct_wrong,2,1,1
cf_16523,wrong_wrong,2,0,2
cf_16533,correct_wrong,2,1,1
cf_16540,correct_wrong,2,1,1
cf_16559,wrong_wrong,2,0,2
cf_1656,wrong_wrong,2,0,2
cf_16561,wrong_wrong,2,0,2
cf_16562,correct_correct,2,2,0
cf_16565,wrong_wrong,2,0,2
cf_1657,correct_wrong,2,1,1
cf_16576,correct_correct,2,2,0
cf_16579,wrong_wrong,2,0,2
cf_1658,wrong_wrong,2,0,2
cf_16615,wrong_wrong,2,0,2
cf_16617,correct_wrong,2,1,1
cf_16623,wrong_wrong,2,0,2
cf_16624,correct_correct,2,2,0
cf_16626,correct_correct,2,2,0
cf_16633,wrong_wrong,2,0,2
cf_16635,wrong_wrong,2,0,2
cf_16637,wrong_wrong,2,0,2
cf_1664,correct_wrong,2,1,1
cf_16640,wrong_wrong,2,0,2
cf_16654,wrong_wrong,2,0,2
cf_16662,correct_wrong,2,1,1
cf_16670,wrong_wrong,2,0,2
cf_16674,correct_wrong,2,1,1
cf_16682,wrong_wrong,2,0,2
cf_16692,wrong_wrong,2,0,2
cf_16696,correct_wrong,2,1,1
cf_16702,wrong_wrong,2,0,2
cf_16710,wrong_wrong,2,0,2
cf_16727,wrong_wrong,2,0,2
cf_16750,wrong_wrong,2,0,2
cf_16758,wrong_wrong,2,0,2
cf_1676,correct_correct,2,2,0
cf_16788,wrong_wrong,2,0,2
cf_16812,wrong_wrong,2,0,2
cf_16817,correct_wrong,2,1,1
cf_16821,wrong_wrong,2,0,2
cf_1683,wrong_wrong,2,0,2
cf_16847,wrong_wrong,2,0,2
cf_1685,correct_correct,2,2,0
cf_16862,correct_wrong,2,1,1
cf_16866,correct_correct,2,2,0
cf_16874,wrong_wrong,2,0,2
cf_16887,wrong_wrong,2,0,2
cf_16888,wrong_wrong,2,0,2
cf_16890,wrong_wrong,2,0,2
cf_16892,wrong_wrong,2,0,2
cf_16905,correct_correct,2,2,0
cf_1691,correct_wrong,2,1,1
cf_16928,wrong_wrong,2,0,2
cf_16952,wrong_wrong,2,0,2
cf_16959,wrong_wrong,2,0,2
cf_16965,wrong_wrong,2,0,2
cf_16972,correct_wrong,2,1,1
cf_16977,wrong_wrong,2,0,2
cf_16988,wrong_wrong,2,0,2
cf_17003,wrong_wrong,2,0,2
cf_17005,wrong_wrong,2,0,2
cf_17015,correct_correct,2,2,0
cf_17017,wrong_wrong,2,0,2
cf_17036,wrong_wrong,2,0,2
cf_1706,wrong_wrong,2,0,2
cf_17081,correct_correct,2,2,0
cf_17086,correct_correct,2,2,0
cf_1709,correct_correct,2,2,0
cf_17096,wrong_wrong,2,0,2
cf_17123,wrong_wrong,2,0,2
cf_17129,wrong_wrong,2,0,2
cf_17130,wrong_wrong,2,0,2
cf_1715,wrong_wrong,2,0,2
cf_17153,wrong_wrong,2,0,2
cf_17169,wrong_wrong,2,0,2
cf_1717,wrong_wrong,2,0,2
cf_17172,correct_wrong,2,1,1
cf_17191,wrong_wrong,2,0,2
cf_172,wrong_wrong,2,0,2
cf_17225,correct_wrong,2,1,1
cf_1723,correct_correct,2,2,0
cf_17234,wrong_wrong,2,0,2
cf_17237,correct_wrong,2,1,1
cf_17238,wrong_wrong,2,0,2
cf_17248,correct_correct,2,2,0
cf_17253,wrong_wrong,2,0,2
cf_17266,correct_correct,2,2,0
cf_17283,wrong_wrong,2,0,2
cf_17290,correct_wrong,2,1,1
cf_17294,wrong_wrong,2,0,2
cf_17332,wrong_wrong,2,0,2
cf_17338,correct_correct,2,2,0
cf_17349,wrong_wrong,2,0,2
cf_17378,wrong_wrong,2,0,2
cf_17382,correct_correct,2,2,0
cf_17385,wrong_wrong,2,0,2
cf_17386,correct_wrong,2,1,1
cf_17394,wrong_wrong,2,0,2
cf_17397,wrong_wrong,2,0,2
cf_17403,wrong_wrong,2,0,2
cf_17404,wrong_wrong,2,0,2
cf_17405,wrong_wrong,2,0,2
cf_1745,wrong_wrong,2,0,2
cf_17451,wrong_wrong,2,0,2
cf_17455,wrong_wrong,2,0,2
cf_17456,correct_correct,2,2,0
cf_17481,correct_wrong,2,1,1
cf_17485,correct_wrong,2,1,1
cf_17498,wrong_wrong,2,0,2
cf_17502,correct_wrong,2,1,1
cf_17559,wrong_wrong,2,0,2
cf_1756,correct_correct,2,2,0
cf_17565,wrong_wrong,2,0,2
cf_17570,correct_correct,2,2,0
cf_17571,correct_wrong,2,1,1
cf_17573,wrong_wrong,2,0,2
cf_17582,correct_wrong,2,1,1
cf_17586,correct_wrong,2,1,1
cf_17595,correct_wrong,2,1,1
cf_17614,correct_wrong,2,1,1
cf_17617,wrong_wrong,2,0,2
cf_17634,correct_wrong,2,1,1
cf_17636,wrong_wrong,2,0,2
cf_17643,wrong_wrong,2,0,2
cf_17648,wrong_wrong,2,0,2
cf_17661,wrong_wrong,2,0,2
cf_17669,wrong_wrong,2,0,2
cf_17671,wrong_wrong,2,0,2
cf_17674,correct_correct,2,2,0
cf_17675,wrong_wrong,2,0,2
cf_17687,correct_correct,2,2,0
cf_17694,wrong_wrong,2,0,2
cf_17699,wrong_wrong,2,0,2
cf_17701,wrong_wrong,2,0,2
cf_17713,wrong_wrong,2,0,2
cf_17728,correct_correct,2,2,0
cf_1775,correct_wrong,2,1,1
cf_1776,wrong_wrong,2,0,2
cf_17765,wrong_wrong,2,0,2
cf_17766,wrong_wrong,2,0,2
cf_17779,wrong_wrong,2,0,2
cf_17780,correct_wrong,2,1,1
cf_17794,wrong_wrong,2,0,2
cf_17800,wrong_wrong,2,0,2
cf_17807,correct_wrong,2,1,1
cf_17828,correct_correct,2,2,0
cf_17841,correct_correct,2,2,0
cf_17844,wrong_wrong,2,0,2
cf_17856,correct_wrong,2,1,1
cf_1786,correct_wrong,2,1,1
cf_17870,correct_correct,2,2,0
cf_17874,wrong_wrong,2,0,2
cf_17877,correct_wrong,2,1,1
cf_17891,wrong_wrong,2,0,2
cf_17895,wrong_wrong,2,0,2
cf_17910,wrong_wrong,2,0,2
cf_1795,wrong_wrong,2,0,2
cf_17952,correct_wrong,2,1,1
cf_17954,correct_correct,2,2,0
cf_17968,correct_wrong,2,1,1
cf_17983,wrong_wrong,2,0,2
cf_17996,wrong_wrong,2,0,2
cf_18,correct_correct,2,2,0
cf_18015,wrong_wrong,2,0,2
cf_18017,wrong_wrong,2,0,2
cf_18022,wrong_wrong,2,0,2
cf_18025,correct_correct,2,2,0
cf_18033,correct_correct,2,2,0
cf_18035,wrong_wrong,2,0,2
cf_18049,correct_correct,2,2,0
cf_18063,correct_wrong,2,1,1
cf_18065,correct_wrong,2,1,1
cf_18066,wrong_wrong,2,0,2
cf_18076,wrong_wrong,2,0,2
cf_18077,wrong_wrong,2,0,2
cf_18085,correct_wrong,2,1,1
cf_18087,correct_wrong,2,1,1
cf_18089,correct_wrong,2,1,1
cf_18096,correct_correct,2,2,0
cf_181,correct_correct,2,2,0
cf_18105,wrong_wrong,2,0,2
cf_18128,wrong_wrong,2,0,2
cf_18132,correct_wrong,2,1,1
cf_18136,wrong_wrong,2,0,2
cf_1815,correct_correct,2,2,0
cf_18150,correct_wrong,2,1,1
cf_18154,wrong_wrong,2,0,2
cf_18158,wrong_wrong,2,0,2
cf_18160,correct_correct,2,2,0
cf_18163,correct_wrong,2,1,1
cf_18166,correct_wrong,2,1,1
cf_18171,correct_correct,2,2,0
cf_18173,correct_wrong,2,1,1
cf_18192,wrong_wrong,2,0,2
cf_18211,correct_correct,2,2,0
cf_18212,correct_correct,2,2,0
cf_18227,wrong_wrong,2,0,2
cf_18231,wrong_wrong,2,0,2
cf_18243,wrong_wrong,2,0,2
cf_18250,wrong_wrong,2,0,2
cf_18262,wrong_wrong,2,0,2
cf_18265,correct_correct,2,2,0
cf_18279,wrong_wrong,2,0,2
cf_18283,wrong_wrong,2,0,2
cf_18286,correct_wrong,2,1,1
cf_18308,wrong_wrong,2,0,2
cf_18314,wrong_wrong,2,0,2
cf_1832,wrong_wrong,2,0,2
cf_18346,wrong_wrong,2,0,2
cf_18379,correct_correct,2,2,0
cf_1838,wrong_wrong,2,0,2
cf_18381,wrong_wrong,2,0,2
cf_18390,correct_wrong,2,1,1
cf_18394,correct_correct,2,2,0
cf_18396,wrong_wrong,2,0,2
cf_1840,wrong_wrong,2,0,2
cf_18402,correct_wrong,2,1,1
cf_18404,correct_wrong,2,1,1
cf_18405,wrong_wrong,2,0,2
cf_18409,wrong_wrong,2,0,2
cf_18443,correct_correct,2,2,0
cf_18448,wrong_wrong,2,0,2
cf_18468,correct_correct,2,2,0
cf_18472,correct_correct,2,2,0
cf_18480,wrong_wrong,2,0,2
cf_18493,wrong_wrong,2,0,2
cf_18497,wrong_wrong,2,0,2
cf_18500,correct_wrong,2,1,1
cf_18521,correct_correct,2,2,0
cf_18544,wrong_wrong,2,0,2
cf_18557,correct_wrong,2,1,1
cf_18585,correct_wrong,2,1,1
cf_18587,wrong_wrong,2,0,2
cf_18591,wrong_wrong,2,0,2
cf_18598,correct_wrong,2,1,1
cf_1863,wrong_wrong,2,0,2
cf_18632,wrong_wrong,2,0,2
cf_1864,wrong_wrong,2,0,2
cf_18648,correct_wrong,2,1,1
cf_18651,correct_correct,2,2,0
cf_18667,wrong_wrong,2,0,2
cf_18672,correct_wrong,2,1,1
cf_18686,wrong_wrong,2,0,2
cf_18691,wrong_wrong,2,0,2
cf_18699,wrong_wrong,2,0,2
cf_18711,correct_correct,2,2,0
cf_1873,correct_wrong,2,1,1
cf_18732,wrong_wrong,2,0,2
cf_18736,correct_correct,2,2,0
cf_18740,wrong_wrong,2,0,2
cf_18747,wrong_wrong,2,0,2
cf_18752,wrong_wrong,2,0,2
cf_18789,correct_correct,2,2,0
cf_1879,correct_wrong,2,1,1
cf_18806,correct_correct,2,2,0
cf_18810,correct_wrong,2,1,1
cf_18812,wrong_wrong,2,0,2
cf_18835,wrong_wrong,2,0,2
cf_18838,wrong_wrong,2,0,2
cf_18843,wrong_wrong,2,0,2
cf_18848,correct_wrong,2,1,1
cf_18863,wrong_wrong,2,0,2
cf_18864,wrong_wrong,2,0,2
cf_18866,correct_correct,2,2,0
cf_18867,correct_correct,2,2,0
cf_18881,wrong_wrong,2,0,2
cf_18882,correct_wrong,2,1,1
cf_18893,correct_correct,2,2,0
cf_18899,correct_wrong,2,1,1
cf_18907,correct_wrong,2,1,1
cf_18918,wrong_wrong,2,0,2
cf_18929,wrong_wrong,2,0,2
cf_18937,wrong_wrong,2,0,2
cf_18962,wrong_wrong,2,0,2
cf_18970,correct_wrong,2,1,1
cf_18978,wrong_wrong,2,0,2
cf_1898,wrong_wrong,2,0,2
cf_18988,correct_wrong,2,1,1
cf_18991,wrong_wrong,2,0,2
cf_19002,correct_correct,2,2,0
cf_19004,wrong_wrong,2,0,2
cf_19016,wrong_wrong,2,0,2
cf_19024,correct_wrong,2,1,1
cf_19026,correct_wrong,2,1,1
cf_19056,wrong_wrong,2,0,2
cf_19067,correct_wrong,2,1,1
cf_19087,wrong_wrong,2,0,2
cf_19095,wrong_wrong,2,0,2
cf_19108,correct_correct,2,2,0
cf_19115,wrong_wrong,2,0,2
cf_19121,correct_correct,2,2,0
cf_19125,correct_wrong,2,1,1
cf_19139,correct_wrong,2,1,1
cf_19142,correct_correct,2,2,0
cf_19154,correct_wrong,2,1,1
cf_19155,correct_correct,2,2,0
cf_1916,correct_wrong,2,1,1
cf_19180,wrong_wrong,2,0,2
cf_19181,correct_correct,2,2,0
cf_1921,correct_correct,2,2,0
cf_19214,wrong_wrong,2,0,2
cf_19217,wrong_wrong,2,0,2
cf_19232,wrong_wrong,2,0,2
cf_19238,correct_wrong,2,1,1
cf_19245,correct_wrong,2,1,1
cf_19253,wrong_wrong,2,0,2
cf_19260,correct_wrong,2,1,1
cf_19277,wrong_wrong,2,0,2
cf_19282,correct_correct,2,2,0
cf_19284,wrong_wrong,2,0,2
cf_1929,correct_correct,2,2,0
cf_19295,wrong_wrong,2,0,2
cf_19296,wrong_wrong,2,0,2
cf_193,wrong_wrong,2,0,2
cf_19309,wrong_wrong,2,0,2
cf_19319,wrong_wrong,2,0,2
cf_19326,wrong_wrong,2,0,2
cf_19339,wrong_wrong,2,0,2
cf_19349,wrong_wrong,2,0,2
cf_19379,wrong_wrong,2,0,2
cf_19392,correct_wrong,2,1,1
cf_19395,wrong_wrong,2,0,2
cf_19401,correct_wrong,2,1,1
cf_19414,wrong_wrong,2,0,2
cf_19435,wrong_wrong,2,0,2
cf_19453,correct_wrong,2,1,1
cf_19455,wrong_wrong,2,0,2
cf_19458,wrong_wrong,2,0,2
cf_19466,correct_wrong,2,1,1
cf_19481,correct_correct,2,2,0
cf_19498,wrong_wrong,2,0,2
cf_19511,wrong_wrong,2,0,2
cf_19526,correct_wrong,2,1,1
cf_19529,wrong_wrong,2,0,2
cf_19533,correct_correct,2,2,0
cf_19534,wrong_wrong,2,0,2
cf_19537,wrong_wrong,2,0,2
cf_1954,wrong_wrong,2,0,2
cf_19543,wrong_wrong,2,0,2
cf_19548,correct_wrong,2,1,1
cf_19553,wrong_wrong,2,0,2
cf_19555,correct_wrong,2,1,1
cf_19567,wrong_wrong,2,0,2
cf_19570,wrong_wrong,2,0,2
cf_19575,wrong_wrong,2,0,2
cf_19579,wrong_wrong,2,0,2
cf_19591,correct_wrong,2,1,1
cf_19596,wrong_wrong,2,0,2
cf_19626,wrong_wrong,2,0,2
cf_1963,wrong_wrong,2,0,2
cf_19638,correct_wrong,2,1,1
cf_19640,correct_wrong,2,1,1
cf_1965,correct_wrong,2,1,1
cf_19674,wrong_wrong,2,0,2
cf_19726,correct_wrong,2,1,1
cf_1973,wrong_wrong,2,0,2
cf_19739,correct_wrong,2,1,1
cf_19741,correct_correct,2,2,0
cf_19746,wrong_wrong,2,0,2
cf_19749,wrong_wrong,2,0,2
cf_19767,wrong_wrong,2,0,2
cf_19782,wrong_wrong,2,0,2
cf_19813,correct_wrong,2,1,1
cf_19819,correct_wrong,2,1,1
cf_19824,wrong_wrong,2,0,2
cf_19827,wrong_wrong,2,0,2
cf_19829,correct_correct,2,2,0
cf_19838,wrong_wrong,2,0,2
cf_1984,wrong_wrong,2,0,2
cf_19853,wrong_wrong,2,0,2
cf_1986,correct_wrong,2,1,1
cf_19864,wrong_wrong,2,0,2
cf_19865,correct_wrong,2,1,1
cf_19867,correct_wrong,2,1,1
cf_19870,wrong_wrong,2,0,2
cf_19876,correct_wrong,2,1,1
cf_19879,wrong_wrong,2,0,2
cf_19892,correct_correct,2,2,0
cf_19898,correct_wrong,2,1,1
cf_19908,correct_wrong,2,1,1
cf_1993,correct_correct,2,2,0
cf_19932,wrong_wrong,2,0,2
cf_19951,wrong_wrong,2,0,2
cf_19954,correct_wrong,2,1,1
cf_19955,wrong_wrong,2,0,2
cf_19960,correct_wrong,2,1,1
cf_1997,correct_correct,2,2,0
cf_19971,wrong_wrong,2,0,2
cf_19976,wrong_wrong,2,0,2
cf_19982,wrong_wrong,2,0,2
cf_19991,correct_wrong,2,1,1
cf_19999,correct_correct,2,2,0
cf_200,wrong_wrong,2,0,2
cf_20007,correct_wrong,2,1,1
cf_20022,wrong_wrong,2,0,2
cf_20030,correct_wrong,2,1,1
cf_20043,wrong_wrong,2,0,2
cf_20049,correct_correct,2,2,0
cf_20052,correct_wrong,2,1,1
cf_20075,correct_wrong,2,1,1
cf_20089,correct_correct,2,2,0
cf_20105,wrong_wrong,2,0,2
cf_20133,correct_correct,2,2,0
cf_20146,wrong_wrong,2,0,2
cf_20147,correct_correct,2,2,0
cf_20152,correct_correct,2,2,0
cf_20155,wrong_wrong,2,0,2
cf_20163,correct_correct,2,2,0
cf_20164,wrong_wrong,2,0,2
cf_20169,correct_wrong,2,1,1
cf_20173,wrong_wrong,2,0,2
cf_20182,correct_correct,2,2,0
cf_20201,wrong_wrong,2,0,2
cf_20232,wrong_wrong,2,0,2
cf_20245,wrong_wrong,2,0,2
cf_20251,correct_correct,2,2,0
cf_20254,wrong_wrong,2,0,2
cf_20264,correct_correct,2,2,0
cf_20267,wrong_wrong,2,0,2
cf_2027,correct_correct,2,2,0
cf_20291,wrong_wrong,2,0,2
cf_20295,wrong_wrong,2,0,2
cf_20301,correct_correct,2,2,0
cf_20306,wrong_wrong,2,0,2
cf_20337,correct_correct,2,2,0
cf_20345,wrong_wrong,2,0,2
cf_20349,correct_wrong,2,1,1
cf_20354,wrong_wrong,2,0,2
cf_20359,correct_wrong,2,1,1
cf_20372,wrong_wrong,2,0,2
cf_20390,correct_correct,2,2,0
cf_2040,correct_correct,2,2,0
cf_20402,wrong_wrong,2,0,2
cf_20408,correct_wrong,2,1,1
cf_20419,wrong_wrong,2,0,2
cf_20422,wrong_wrong,2,0,2
cf_20457,wrong_wrong,2,0,2
cf_20462,wrong_wrong,2,0,2
cf_20464,correct_wrong,2,1,1
cf_20471,wrong_wrong,2,0,2
cf_20480,correct_wrong,2,1,1
cf_20481,wrong_wrong,2,0,2
cf_20489,wrong_wrong,2,0,2
cf_20493,correct_correct,2,2,0
cf_20496,correct_wrong,2,1,1
cf_20537,correct_wrong,2,1,1
cf_20538,wrong_wrong,2,0,2
cf_20550,wrong_wrong,2,0,2
cf_20552,correct_wrong,2,1,1
cf_20553,wrong_wrong,2,0,2
cf_20560,correct_wrong,2,1,1
cf_20576,wrong_wrong,2,0,2
cf_2058,wrong_wrong,2,0,2
cf_20586,correct_wrong,2,1,1
cf_20599,wrong_wrong,2,0,2
cf_20625,wrong_wrong,2,0,2
cf_20636,wrong_wrong,2,0,2
cf_20644,correct_wrong,2,1,1
cf_2067,correct_wrong,2,1,1
cf_20672,wrong_wrong,2,0,2
cf_20679,correct_correct,2,2,0
cf_20681,wrong_wrong,2,0,2
cf_20689,wrong_wrong,2,0,2
cf_20700,correct_wrong,2,1,1
cf_20707,wrong_wrong,2,0,2
cf_2071,wrong_wrong,2,0,2
cf_20740,wrong_wrong,2,0,2
cf_20744,correct_wrong,2,1,1
cf_20747,wrong_wrong,2,0,2
cf_20749,correct_correct,2,2,0
cf_20766,wrong_wrong,2,0,2
cf_20782,correct_correct,2,2,0
cf_20784,wrong_wrong,2,0,2
cf_20800,wrong_wrong,2,0,2
cf_20806,wrong_wrong,2,0,2
cf_20809,correct_wrong,2,1,1
cf_2081,correct_correct,2,2,0
cf_20817,correct_wrong,2,1,1
cf_2082,wrong_wrong,2,0,2
cf_20820,wrong_wrong,2,0,2
cf_20826,wrong_wrong,2,0,2
cf_20829,wrong_wrong,2,0,2
cf_20830,wrong_wrong,2,0,2
cf_20860,correct_correct,2,2,0
cf_20876,wrong_wrong,2,0,2
cf_20890,wrong_wrong,2,0,2
cf_20894,correct_wrong,2,1,1
cf_20896,correct_wrong,2,1,1
cf_20901,wrong_wrong,2,0,2
cf_20902,correct_correct,2,2,0
cf_20923,correct_correct,2,2,0
cf_20936,correct_wrong,2,1,1
cf_20937,correct_correct,2,2,0
cf_20938,wrong_wrong,2,0,2
cf_20952,correct_wrong,2,1,1
cf_20954,correct_wrong,2,1,1
cf_20964,wrong_wrong,2,0,2
cf_20971,correct_wrong,2,1,1
cf_20976,wrong_wrong,2,0,2
cf_2098,correct_wrong,2,1,1
cf_21003,correct_wrong,2,1,1
cf_21010,correct_wrong,2,1,1
cf_21019,correct_wrong,2,1,1
cf_21020,correct_correct,2,2,0
cf_21027,wrong_wrong,2,0,2
cf_21034,wrong_wrong,2,0,2
cf_2104,wrong_wrong,2,0,2
cf_21048,wrong_wrong,2,0,2
cf_21059,correct_correct,2,2,0
cf_21061,correct_wrong,2,1,1
cf_21063,correct_correct,2,2,0
cf_21064,correct_wrong,2,1,1
cf_21069,correct_correct,2,2,0
cf_21080,correct_wrong,2,1,1
cf_21085,wrong_wrong,2,0,2
cf_21124,correct_wrong,2,1,1
cf_21129,correct_correct,2,2,0
cf_21140,wrong_wrong,2,0,2
cf_21149,correct_wrong,2,1,1
cf_21151,wrong_wrong,2,0,2
cf_21164,correct_correct,2,2,0
cf_21168,wrong_wrong,2,0,2
cf_21172,wrong_wrong,2,0,2
cf_21174,wrong_wrong,2,0,2
cf_21179,wrong_wrong,2,0,2
cf_21197,wrong_wrong,2,0,2
cf_212,correct_correct,2,2,0
cf_21210,correct_correct,2,2,0
cf_21218,correct_correct,2,2,0
cf_21221,wrong_wrong,2,0,2
cf_21222,correct_wrong,2,1,1
cf_21224,wrong_wrong,2,0,2
cf_21234,wrong_wrong,2,0,2
cf_2127,correct_wrong,2,1,1
cf_21274,correct_correct,2,2,0
cf_21284,wrong_wrong,2,0,2
cf_21293,correct_wrong,2,1,1
cf_21295,wrong_wrong,2,0,2
cf_21297,wrong_wrong,2,0,2
cf_21303,correct_correct,2,2,0
cf_21314,correct_wrong,2,1,1
cf_21329,correct_wrong,2,1,1
cf_21336,wrong_wrong,2,0,2
cf_21348,wrong_wrong,2,0,2
cf_21356,wrong_wrong,2,0,2
cf_21359,correct_correct,2,2,0
cf_21365,wrong_wrong,2,0,2
cf_21369,correct_wrong,2,1,1
cf_2141,wrong_wrong,2,0,2
cf_21412,correct_correct,2,2,0
cf_21429,wrong_wrong,2,0,2
cf_21438,wrong_wrong,2,0,2
cf_21453,wrong_wrong,2,0,2
cf_21455,correct_correct,2,2,0
cf_21460,correct_correct,2,2,0
cf_21477,correct_correct,2,2,0
cf_21479,wrong_wrong,2,0,2
cf_21487,correct_correct,2,2,0
cf_21497,wrong_wrong,2,0,2
cf_21514,correct_wrong,2,1,1
cf_21519,correct_correct,2,2,0
cf_2152,wrong_wrong,2,0,2
cf_21531,wrong_wrong,2,0,2
cf_21539,correct_wrong,2,1,1
cf_2154,correct_correct,2,2,0
cf_21540,correct_correct,2,2,0
cf_21550,wrong_wrong,2,0,2
cf_21555,wrong_wrong,2,0,2
cf_21568,correct_correct,2,2,0
cf_21585,wrong_wrong,2,0,2
cf_21589,correct_wrong,2,1,1
cf_2159,wrong_wrong,2,0,2
cf_21590,wrong_wrong,2,0,2
cf_21593,wrong_wrong,2,0,2
cf_21600,wrong_wrong,2,0,2
cf_21618,correct_wrong,2,1,1
cf_21624,wrong_wrong,2,0,2
cf_21627,correct_wrong,2,1,1
cf_21640,correct_wrong,2,1,1
cf_21657,wrong_wrong,2,0,2
cf_21661,wrong_wrong,2,0,2
cf_21665,correct_correct,2,2,0
cf_21668,correct_wrong,2,1,1
cf_21676,correct_wrong,2,1,1
cf_2168,correct_wrong,2,1,1
cf_21688,wrong_wrong,2,0,2
cf_21690,wrong_wrong,2,0,2
cf_21696,correct_wrong,2,1,1
cf_21711,wrong_wrong,2,0,2
cf_21717,wrong_wrong,2,0,2
cf_21725,wrong_wrong,2,0,2
cf_21737,correct_correct,2,2,0
cf_21745,correct_wrong,2,1,1
cf_21747,correct_wrong,2,1,1
cf_21753,wrong_wrong,2,0,2
cf_21756,wrong_wrong,2,0,2
cf_21765,wrong_wrong,2,0,2
cf_21770,correct_correct,2,2,0
cf_21788,wrong_wrong,2,0,2
cf_21794,correct_wrong,2,1,1
cf_21801,correct_correct,2,2,0
cf_21851,correct_wrong,2,1,1
cf_21852,wrong_wrong,2,0,2
cf_21854,correct_wrong,2,1,1
cf_21860,correct_correct,2,2,0
cf_21875,wrong_wrong,2,0,2
cf_21883,wrong_wrong,2,0,2
cf_21884,wrong_wrong,2,0,2
cf_21890,correct_correct,2,2,0
cf_21895,wrong_wrong,2,0,2
cf_21896,wrong_wrong,2,0,2
cf_21917,correct_correct,2,2,0
cf_2199,correct_wrong,2,1,1
cf_2203,wrong_wrong,2,0,2
cf_2208,correct_wrong,2,1,1
cf_2213,wrong_wrong,2,0,2
cf_2217,wrong_wrong,2,0,2
cf_2226,correct_correct,2,2,0
cf_2237,wrong_wrong,2,0,2
cf_2242,wrong_wrong,2,0,2
cf_2245,correct_correct,2,2,0
cf_2248,wrong_wrong,2,0,2
cf_2254,wrong_wrong,2,0,2
cf_2259,wrong_wrong,2,0,2
cf_2267,correct_wrong,2,1,1
cf_2274,wrong_wrong,2,0,2
cf_2279,correct_wrong,2,1,1
cf_2280,wrong_wrong,2,0,2
cf_2287,correct_correct,2,2,0
cf_2292,wrong_wrong,2,0,2
cf_2321,wrong_wrong,2,0,2
cf_2326,correct_correct,2,2,0
cf_2332,correct_correct,2,2,0
cf_2339,correct_wrong,2,1,1
cf_235,correct_wrong,2,1,1
cf_2361,correct_correct,2,2,0
cf_2377,wrong_wrong,2,0,2
cf_2386,wrong_wrong,2,0,2
cf_2391,wrong_wrong,2,0,2
cf_2400,correct_wrong,2,1,1
cf_2408,wrong_wrong,2,0,2
cf_2409,correct_wrong,2,1,1
cf_2416,correct_wrong,2,1,1
cf_2420,correct_wrong,2,1,1
cf_2426,correct_wrong,2,1,1
cf_2427,correct_correct,2,2,0
cf_2430,wrong_wrong,2,0,2
cf_2431,wrong_wrong,2,0,2
cf_2451,wrong_wrong,2,0,2
cf_2458,correct_wrong,2,1,1
cf_2459,correct_wrong,2,1,1
cf_2465,correct_wrong,2,1,1
cf_2467,correct_correct,2,2,0
cf_2469,wrong_wrong,2,0,2
cf_2470,wrong_wrong,2,0,2
cf_2490,correct_correct,2,2,0
cf_2502,wrong_wrong,2,0,2
cf_251,wrong_wrong,2,0,2
cf_2514,correct_correct,2,2,0
cf_2519,wrong_wrong,2,0,2
cf_2528,wrong_wrong,2,0,2
cf_253,correct_correct,2,2,0
cf_2538,correct_correct,2,2,0
cf_2551,wrong_wrong,2,0,2
cf_256,wrong_wrong,2,0,2
cf_2577,correct_correct,2,2,0
cf_2580,wrong_wrong,2,0,2
cf_2582,wrong_wrong,2,0,2
cf_2584,correct_wrong,2,1,1
cf_2586,wrong_wrong,2,0,2
cf_2587,wrong_wrong,2,0,2
cf_2596,correct_correct,2,2,0
cf_2614,wrong_wrong,2,0,2
cf_2623,wrong_wrong,2,0,2
cf_2625,wrong_wrong,2,0,2
cf_2631,correct_wrong,2,1,1
cf_2635,correct_wrong,2,1,1
cf_2640,correct_wrong,2,1,1
cf_2647,correct_correct,2,2,0
cf_265,wrong_wrong,2,0,2
cf_2660,correct_wrong,2,1,1
cf_2661,correct_wrong,2,1,1
cf_267,correct_wrong,2,1,1
cf_2670,wrong_wrong,2,0,2
cf_2673,wrong_wrong,2,0,2
cf_2674,correct_wrong,2,1,1
cf_2683,wrong_wrong,2,0,2
cf_2686,wrong_wrong,2,0,2
cf_2707,wrong_wrong,2,0,2
cf_2748,wrong_wrong,2,0,2
cf_2750,wrong_wrong,2,0,2
cf_2763,correct_wrong,2,1,1
cf_2776,wrong_wrong,2,0,2
cf_2778,correct_correct,2,2,0
cf_2783,wrong_wrong,2,0,2
cf_2791,correct_correct,2,2,0
cf_2797,wrong_wrong,2,0,2
cf_2805,correct_wrong,2,1,1
cf_2806,wrong_wrong,2,0,2
cf_2825,correct_wrong,2,1,1
cf_2839,correct_correct,2,2,0
cf_2848,wrong_wrong,2,0,2
cf_2876,correct_wrong,2,1,1
cf_2885,wrong_wrong,2,0,2
cf_2887,wrong_wrong,2,0,2
cf_2950,wrong_wrong,2,0,2
cf_2953,correct_correct,2,2,0
cf_2958,wrong_wrong,2,0,2
cf_2959,wrong_wrong,2,0,2
cf_2961,correct_correct,2,2,0
cf_2978,wrong_wrong,2,0,2
cf_2989,wrong_wrong,2,0,2
cf_2992,wrong_wrong,2,0,2
cf_3003,correct_wrong,2,1,1
cf_3005,wrong_wrong,2,0,2
cf_3006,correct_wrong,2,1,1
cf_3024,correct_correct,2,2,0
cf_3039,correct_correct,2,2,0
cf_3049,correct_correct,2,2,0
cf_305,wrong_wrong,2,0,2
cf_3054,correct_correct,2,2,0
cf_3056,correct_wrong,2,1,1
cf_3060,wrong_wrong,2,0,2
cf_3061,correct_wrong,2,1,1
cf_3062,correct_correct,2,2,0
cf_307,correct_wrong,2,1,1
cf_3070,wrong_wrong,2,0,2
cf_3090,wrong_wrong,2,0,2
cf_3096,wrong_wrong,2,0,2
cf_3115,wrong_wrong,2,0,2
cf_316,wrong_wrong,2,0,2
cf_3164,wrong_wrong,2,0,2
cf_3168,correct_wrong,2,1,1
cf_3169,correct_correct,2,2,0
cf_3172,correct_correct,2,2,0
cf_3176,correct_wrong,2,1,1
cf_3183,wrong_wrong,2,0,2
cf_3184,wrong_wrong,2,0,2
cf_3208,correct_correct,2,2,0
cf_3224,wrong_wrong,2,0,2
cf_3225,correct_correct,2,2,0
cf_3244,correct_wrong,2,1,1
cf_3246,correct_correct,2,2,0
cf_3249,correct_correct,2,2,0
cf_3251,wrong_wrong,2,0,2
cf_3255,wrong_wrong,2,0,2
cf_3267,correct_wrong,2,1,1
cf_3276,correct_wrong,2,1,1
cf_3288,correct_correct,2,2,0
cf_3293,wrong_wrong,2,0,2
cf_3294,correct_wrong,2,1,1
cf_3309,wrong_wrong,2,0,2
cf_3314,correct_correct,2,2,0
cf_332,correct_wrong,2,1,1
cf_3339,wrong_wrong,2,0,2
cf_3349,wrong_wrong,2,0,2
cf_3358,wrong_wrong,2,0,2
cf_3361,correct_correct,2,2,0
cf_3368,correct_wrong,2,1,1
cf_3391,correct_wrong,2,1,1
cf_3394,wrong_wrong,2,0,2
cf_3396,correct_wrong,2,1,1
cf_3427,wrong_wrong,2,0,2
cf_3458,wrong_wrong,2,0,2
cf_3468,wrong_wrong,2,0,2
cf_3479,wrong_wrong,2,0,2
cf_3486,correct_wrong,2,1,1
cf_3492,wrong_wrong,2,0,2
cf_3494,wrong_wrong,2,0,2
cf_3507,correct_correct,2,2,0
cf_3522,wrong_wrong,2,0,2
cf_3537,wrong_wrong,2,0,2
cf_3542,correct_correct,2,2,0
cf_3546,correct_correct,2,2,0
cf_3550,wrong_wrong,2,0,2
cf_3552,wrong_wrong,2,0,2
cf_3573,correct_wrong,2,1,1
cf_3580,correct_wrong,2,1,1
cf_3592,wrong_wrong,2,0,2
cf_3602,correct_wrong,2,1,1
cf_3632,wrong_wrong,2,0,2
cf_3633,correct_wrong,2,1,1
cf_3643,wrong_wrong,2,0,2
cf_3648,wrong_wrong,2,0,2
cf_3655,correct_wrong,2,1,1
cf_3665,correct_wrong,2,1,1
cf_37,correct_correct,2,2,0
cf_3717,wrong_wrong,2,0,2
cf_3724,wrong_wrong,2,0,2
cf_3729,wrong_wrong,2,0,2
cf_3736,wrong_wrong,2,0,2
cf_3738,wrong_wrong,2,0,2
cf_3748,correct_wrong,2,1,1
cf_3749,correct_wrong,2,1,1
cf_3753,correct_correct,2,2,0
cf_376,wrong_wrong,2,0,2
cf_3760,correct_wrong,2,1,1
cf_3764,wrong_wrong,2,0,2
cf_3773,wrong_wrong,2,0,2
cf_3774,wrong_wrong,2,0,2
cf_3779,correct_wrong,2,1,1
cf_3782,wrong_wrong,2,0,2
cf_3789,wrong_wrong,2,0,2
cf_3798,correct_correct,2,2,0
cf_3805,wrong_wrong,2,0,2
cf_3823,correct_wrong,2,1,1
cf_3849,correct_wrong,2,1,1
cf_3858,correct_wrong,2,1,1
cf_3881,correct_correct,2,2,0
cf_3893,correct_wrong,2,1,1
cf_3917,correct_wrong,2,1,1
cf_3928,wrong_wrong,2,0,2
cf_3931,wrong_wrong,2,0,2
cf_3953,wrong_wrong,2,0,2
cf_3965,wrong_wrong,2,0,2
cf_3966,wrong_wrong,2,0,2
cf_3976,wrong_wrong,2,0,2
cf_3978,wrong_wrong,2,0,2
cf_3992,wrong_wrong,2,0,2
cf_4002,wrong_wrong,2,0,2
cf_4005,wrong_wrong,2,0,2
cf_401,correct_wrong,2,1,1
cf_4014,correct_correct,2,2,0
cf_4018,wrong_wrong,2,0,2
cf_4049,wrong_wrong,2,0,2
cf_4068,correct_correct,2,2,0
cf_4074,wrong_wrong,2,0,2
cf_4078,correct_wrong,2,1,1
cf_4083,correct_wrong,2,1,1
cf_4085,wrong_wrong,2,0,2
cf_4090,correct_correct,2,2,0
cf_4101,correct_wrong,2,1,1
cf_4106,wrong_wrong,2,0,2
cf_4120,correct_wrong,2,1,1
cf_4126,correct_correct,2,2,0
cf_4135,wrong_wrong,2,0,2
cf_4136,correct_wrong,2,1,1
cf_4137,wrong_wrong,2,0,2
cf_414,wrong_wrong,2,0,2
cf_4147,correct_correct,2,2,0
cf_4153,wrong_wrong,2,0,2
cf_4170,correct_correct,2,2,0
cf_4176,wrong_wrong,2,0,2
cf_4182,wrong_wrong,2,0,2
cf_4187,correct_wrong,2,1,1
cf_4205,correct_wrong,2,1,1
cf_4207,wrong_wrong,2,0,2
cf_4216,correct_wrong,2,1,1
cf_4225,correct_correct,2,2,0
cf_4228,wrong_wrong,2,0,2
cf_4233,wrong_wrong,2,0,2
cf_4252,wrong_wrong,2,0,2
cf_4259,correct_wrong,2,1,1
cf_4263,correct_correct,2,2,0
cf_4284,correct_correct,2,2,0
cf_4286,wrong_wrong,2,0,2
cf_4288,correct_wrong,2,1,1
cf_4293,wrong_wrong,2,0,2
cf_4294,wrong_wrong,2,0,2
cf_4306,correct_wrong,2,1,1
cf_4318,correct_wrong,2,1,1
cf_4330,correct_wrong,2,1,1
cf_4335,wrong_wrong,2,0,2
cf_4340,wrong_wrong,2,0,2
cf_4369,wrong_wrong,2,0,2
cf_4371,wrong_wrong,2,0,2
cf_4388,correct_wrong,2,1,1
cf_4400,wrong_wrong,2,0,2
cf_4418,wrong_wrong,2,0,2
cf_4445,wrong_wrong,2,0,2
cf_4446,wrong_wrong,2,0,2
cf_4447,wrong_wrong,2,0,2
cf_4473,wrong_wrong,2,0,2
cf_448,correct_wrong,2,1,1
cf_4481,wrong_wrong,2,0,2
cf_4490,correct_correct,2,2,0
cf_4496,wrong_wrong,2,0,2
cf_4507,correct_wrong,2,1,1
cf_4508,correct_wrong,2,1,1
cf_4511,wrong_wrong,2,0,2
cf_4532,correct_wrong,2,1,1
cf_4534,wrong_wrong,2,0,2
cf_4535,correct_wrong,2,1,1
cf_4547,wrong_wrong,2,0,2
cf_4550,wrong_wrong,2,0,2
cf_456,wrong_wrong,2,0,2
cf_4572,wrong_wrong,2,0,2
cf_4575,correct_wrong,2,1,1
cf_4580,correct_correct,2,2,0
cf_4593,correct_correct,2,2,0
cf_4612,correct_wrong,2,1,1
cf_4616,correct_correct,2,2,0
cf_463,wrong_wrong,2,0,2
cf_4634,correct_correct,2,2,0
cf_4648,wrong_wrong,2,0,2
cf_4660,correct_wrong,2,1,1
cf_4678,correct_wrong,2,1,1
cf_4681,wrong_wrong,2,0,2
cf_4689,correct_wrong,2,1,1
cf_4694,correct_correct,2,2,0
cf_4704,correct_correct,2,2,0
cf_4707,wrong_wrong,2,0,2
cf_4723,wrong_wrong,2,0,2
cf_4727,correct_wrong,2,1,1
cf_4739,wrong_wrong,2,0,2
cf_4741,wrong_wrong,2,0,2
cf_4770,correct_wrong,2,1,1
cf_4785,correct_wrong,2,1,1
cf_4798,correct_wrong,2,1,1
cf_4828,wrong_wrong,2,0,2
cf_483,wrong_wrong,2,0,2
cf_4835,wrong_wrong,2,0,2
cf_4839,correct_correct,2,2,0
cf_4852,wrong_wrong,2,0,2
cf_486,correct_wrong,2,1,1
cf_4860,wrong_wrong,2,0,2
cf_4869,correct_wrong,2,1,1
cf_4880,wrong_wrong,2,0,2
cf_4882,wrong_wrong,2,0,2
cf_4884,wrong_wrong,2,0,2
cf_4888,correct_wrong,2,1,1
cf_4899,wrong_wrong,2,0,2
cf_4927,correct_wrong,2,1,1
cf_4942,wrong_wrong,2,0,2
cf_4943,correct_correct,2,2,0
cf_4946,correct_correct,2,2,0
cf_4971,wrong_wrong,2,0,2
cf_4984,correct_wrong,2,1,1
cf_4993,wrong_wrong,2,0,2
cf_5001,wrong_wrong,2,0,2
cf_5007,wrong_wrong,2,0,2
cf_5008,correct_wrong,2,1,1
cf_5009,wrong_wrong,2,0,2
cf_5013,correct_wrong,2,1,1
cf_5014,wrong_wrong,2,0,2
cf_502,wrong_wrong,2,0,2
cf_5027,wrong_wrong,2,0,2
cf_5045,correct_wrong,2,1,1
cf_5052,wrong_wrong,2,0,2
cf_5054,wrong_wrong,2,0,2
cf_5058,wrong_wrong,2,0,2
cf_5063,wrong_wrong,2,0,2
cf_5064,correct_wrong,2,1,1
cf_5070,wrong_wrong,2,0,2
cf_5072,wrong_wrong,2,0,2
cf_5077,correct_wrong,2,1,1
cf_5093,correct_wrong,2,1,1
cf_5094,correct_wrong,2,1,1
cf_5098,correct_correct,2,2,0
cf_51,correct_wrong,2,1,1
cf_5129,wrong_wrong,2,0,2
cf_5146,wrong_wrong,2,0,2
cf_5157,wrong_wrong,2,0,2
cf_5158,wrong_wrong,2,0,2
cf_5161,correct_correct,2,2,0
cf_5169,wrong_wrong,2,0,2
cf_517,correct_correct,2,2,0
cf_5176,correct_wrong,2,1,1
cf_5179,correct_wrong,2,1,1
cf_5182,wrong_wrong,2,0,2
cf_5189,correct_correct,2,2,0
cf_5201,wrong_wrong,2,0,2
cf_5215,wrong_wrong,2,0,2
cf_5216,wrong_wrong,2,0,2
cf_5221,wrong_wrong,2,0,2
cf_5231,wrong_wrong,2,0,2
cf_5233,wrong_wrong,2,0,2
cf_5242,wrong_wrong,2,0,2
cf_5253,correct_correct,2,2,0
cf_5269,wrong_wrong,2,0,2
cf_5293,wrong_wrong,2,0,2
cf_5294,wrong_wrong,2,0,2
cf_5307,correct_correct,2,2,0
cf_5310,wrong_wrong,2,0,2
cf_5316,wrong_wrong,2,0,2
cf_532,wrong_wrong,2,0,2
cf_5324,wrong_wrong,2,0,2
cf_5329,correct_wrong,2,1,1
cf_5354,wrong_wrong,2,0,2
cf_5366,wrong_wrong,2,0,2
cf_538,wrong_wrong,2,0,2
cf_5391,correct_correct,2,2,0
cf_5394,correct_correct,2,2,0
cf_5395,correct_wrong,2,1,1
cf_5408,correct_wrong,2,1,1
cf_5410,correct_correct,2,2,0
cf_5424,wrong_wrong,2,0,2
cf_5436,wrong_wrong,2,0,2
cf_5449,wrong_wrong,2,0,2
cf_5451,correct_correct,2,2,0
cf_5460,correct_wrong,2,1,1
cf_5498,wrong_wrong,2,0,2
cf_55,wrong_wrong,2,0,2
cf_5509,wrong_wrong,2,0,2
cf_5525,wrong_wrong,2,0,2
cf_5560,correct_correct,2,2,0
cf_5570,wrong_wrong,2,0,2
cf_5607,wrong_wrong,2,0,2
cf_5609,correct_wrong,2,1,1
cf_5631,wrong_wrong,2,0,2
cf_565,wrong_wrong,2,0,2
cf_5654,wrong_wrong,2,0,2
cf_5657,wrong_wrong,2,0,2
cf_5685,wrong_wrong,2,0,2
cf_5695,wrong_wrong,2,0,2
cf_5702,wrong_wrong,2,0,2
cf_5704,correct_wrong,2,1,1
cf_5709,wrong_wrong,2,0,2
cf_5717,correct_correct,2,2,0
cf_5736,correct_correct,2,2,0
cf_5737,correct_correct,2,2,0
cf_5740,correct_correct,2,2,0
cf_5755,wrong_wrong,2,0,2
cf_5757,wrong_wrong,2,0,2
cf_5763,correct_correct,2,2,0
cf_5771,correct_correct,2,2,0
cf_5801,wrong_wrong,2,0,2
cf_5804,wrong_wrong,2,0,2
cf_5851,correct_correct,2,2,0
cf_5854,wrong_wrong,2,0,2
cf_5877,wrong_wrong,2,0,2
cf_5879,correct_wrong,2,1,1
cf_5900,correct_wrong,2,1,1
cf_5906,wrong_wrong,2,0,2
cf_5911,wrong_wrong,2,0,2
cf_5913,correct_wrong,2,1,1
cf_5925,correct_wrong,2,1,1
cf_5944,correct_wrong,2,1,1
cf_5947,wrong_wrong,2,0,2
cf_5954,wrong_wrong,2,0,2
cf_5958,wrong_wrong,2,0,2
cf_5962,wrong_wrong,2,0,2
cf_597,wrong_wrong,2,0,2
cf_5972,correct_wrong,2,1,1
cf_6012,correct_correct,2,2,0
cf_6041,wrong_wrong,2,0,2
cf_6066,correct_wrong,2,1,1
cf_6089,wrong_wrong,2,0,2
cf_6096,wrong_wrong,2,0,2
cf_6121,correct_wrong,2,1,1
cf_6137,wrong_wrong,2,0,2
cf_614,wrong_wrong,2,0,2
cf_6146,wrong_wrong,2,0,2
cf_6168,wrong_wrong,2,0,2
cf_6181,wrong_wrong,2,0,2
cf_6219,wrong_wrong,2,0,2
cf_622,wrong_wrong,2,0,2
cf_6220,wrong_wrong,2,0,2
cf_6222,correct_correct,2,2,0
cf_6228,wrong_wrong,2,0,2
cf_6230,correct_wrong,2,1,1
cf_6232,wrong_wrong,2,0,2
cf_6239,wrong_wrong,2,0,2
cf_6245,wrong_wrong,2,0,2
cf_6260,wrong_wrong,2,0,2
cf_6262,correct_wrong,2,1,1
cf_6276,wrong_wrong,2,0,2
cf_6278,wrong_wrong,2,0,2
cf_6286,wrong_wrong,2,0,2
cf_6291,correct_wrong,2,1,1
cf_6300,wrong_wrong,2,0,2
cf_6310,wrong_wrong,2,0,2
cf_6328,wrong_wrong,2,0,2
cf_635,wrong_wrong,2,0,2
cf_6353,correct_wrong,2,1,1
cf_6357,correct_correct,2,2,0
cf_6360,wrong_wrong,2,0,2
cf_6371,wrong_wrong,2,0,2
cf_6378,wrong_wrong,2,0,2
cf_638,correct_correct,2,2,0
cf_640,correct_correct,2,2,0
cf_6432,wrong_wrong,2,0,2
cf_6456,wrong_wrong,2,0,2
cf_6464,correct_correct,2,2,0
cf_6482,wrong_wrong,2,0,2
cf_6498,correct_wrong,2,1,1
cf_6515,correct_wrong,2,1,1
cf_6517,correct_wrong,2,1,1
cf_6522,correct_wrong,2,1,1
cf_6525,correct_correct,2,2,0
cf_6527,correct_wrong,2,1,1
cf_6532,wrong_wrong,2,0,2
cf_6536,wrong_wrong,2,0,2
cf_6539,wrong_wrong,2,0,2
cf_6543,wrong_wrong,2,0,2
cf_6559,wrong_wrong,2,0,2
cf_6579,wrong_wrong,2,0,2
cf_6585,wrong_wrong,2,0,2
cf_6591,correct_correct,2,2,0
cf_6605,wrong_wrong,2,0,2
cf_666,wrong_wrong,2,0,2
cf_667,correct_wrong,2,1,1
cf_6670,wrong_wrong,2,0,2
cf_6671,wrong_wrong,2,0,2
cf_6685,wrong_wrong,2,0,2
cf_6693,wrong_wrong,2,0,2
cf_6698,wrong_wrong,2,0,2
cf_6724,correct_wrong,2,1,1
cf_6777,wrong_wrong,2,0,2
cf_6788,wrong_wrong,2,0,2
cf_679,wrong_wrong,2,0,2
cf_6808,correct_correct,2,2,0
cf_683,wrong_wrong,2,0,2
cf_6865,wrong_wrong,2,0,2
cf_6883,correct_correct,2,2,0
cf_6887,correct_correct,2,2,0
cf_689,correct_wrong,2,1,1
cf_6901,wrong_wrong,2,0,2
cf_6907,wrong_wrong,2,0,2
cf_6913,wrong_wrong,2,0,2
cf_6914,wrong_wrong,2,0,2
cf_6921,wrong_wrong,2,0,2
cf_6935,correct_wrong,2,1,1
cf_6940,wrong_wrong,2,0,2
cf_6950,correct_correct,2,2,0
cf_6967,wrong_wrong,2,0,2
cf_6971,correct_wrong,2,1,1
cf_6984,wrong_wrong,2,0,2
cf_699,wrong_wrong,2,0,2
cf_70,wrong_wrong,2,0,2
cf_7002,wrong_wrong,2,0,2
cf_7004,wrong_wrong,2,0,2
cf_7010,wrong_wrong,2,0,2
cf_7018,wrong_wrong,2,0,2
cf_7020,wrong_wrong,2,0,2
cf_7031,wrong_wrong,2,0,2
cf_7045,correct_wrong,2,1,1
cf_7049,correct_wrong,2,1,1
cf_7055,correct_wrong,2,1,1
cf_7063,wrong_wrong,2,0,2
cf_7066,wrong_wrong,2,0,2
cf_7076,correct_wrong,2,1,1
cf_7090,wrong_wrong,2,0,2
cf_7119,wrong_wrong,2,0,2
cf_7133,wrong_wrong,2,0,2
cf_7142,wrong_wrong,2,0,2
cf_7164,wrong_wrong,2,0,2
cf_7170,wrong_wrong,2,0,2
cf_7176,correct_correct,2,2,0
cf_718,correct_correct,2,2,0
cf_7186,wrong_wrong,2,0,2
cf_7190,wrong_wrong,2,0,2
cf_7196,wrong_wrong,2,0,2
cf_7216,wrong_wrong,2,0,2
cf_7223,wrong_wrong,2,0,2
cf_7225,wrong_wrong,2,0,2
cf_7226,correct_wrong,2,1,1
cf_7253,wrong_wrong,2,0,2
cf_7259,correct_correct,2,2,0
cf_7260,wrong_wrong,2,0,2
cf_7261,correct_correct,2,2,0
cf_7275,correct_wrong,2,1,1
cf_7288,wrong_wrong,2,0,2
cf_7304,wrong_wrong,2,0,2
cf_7314,correct_wrong,2,1,1
cf_7347,correct_wrong,2,1,1
cf_7348,wrong_wrong,2,0,2
cf_7357,correct_correct,2,2,0
cf_7361,wrong_wrong,2,0,2
cf_7362,wrong_wrong,2,0,2
cf_7366,wrong_wrong,2,0,2
cf_7388,wrong_wrong,2,0,2
cf_7392,wrong_wrong,2,0,2
cf_7395,correct_wrong,2,1,1
cf_7410,wrong_wrong,2,0,2
cf_7423,wrong_wrong,2,0,2
cf_7454,wrong_wrong,2,0,2
cf_7457,correct_wrong,2,1,1
cf_7467,wrong_wrong,2,0,2
cf_7487,wrong_wrong,2,0,2
cf_7501,wrong_wrong,2,0,2
cf_7505,correct_wrong,2,1,1
cf_7540,correct_correct,2,2,0
cf_7554,wrong_wrong,2,0,2
cf_7577,correct_correct,2,2,0
cf_7585,wrong_wrong,2,0,2
cf_759,correct_correct,2,2,0
cf_7608,wrong_wrong,2,0,2
cf_7623,correct_wrong,2,1,1
cf_7628,correct_wrong,2,1,1
cf_7634,correct_correct,2,2,0
cf_7648,wrong_wrong,2,0,2
cf_7653,wrong_wrong,2,0,2
cf_7661,correct_correct,2,2,0
cf_7667,wrong_wrong,2,0,2
cf_7683,wrong_wrong,2,0,2
cf_7692,wrong_wrong,2,0,2
cf_7693,correct_wrong,2,1,1
cf_7696,correct_correct,2,2,0
cf_7707,wrong_wrong,2,0,2
cf_7725,correct_correct,2,2,0
cf_7733,correct_correct,2,2,0
cf_7736,wrong_wrong,2,0,2
cf_7742,correct_correct,2,2,0
cf_7745,correct_correct,2,2,0
cf_775,correct_wrong,2,1,1
cf_7757,wrong_wrong,2,0,2
cf_7772,wrong_wrong,2,0,2
cf_7783,wrong_wrong,2,0,2
cf_7786,wrong_wrong,2,0,2
cf_7796,wrong_wrong,2,0,2
cf_7798,wrong_wrong,2,0,2
cf_7813,wrong_wrong,2,0,2
cf_7816,correct_correct,2,2,0
cf_7821,wrong_wrong,2,0,2
cf_7825,correct_wrong,2,1,1
cf_7837,wrong_wrong,2,0,2
cf_7839,wrong_wrong,2,0,2
cf_7841,wrong_wrong,2,0,2
cf_7846,wrong_wrong,2,0,2
cf_7859,correct_wrong,2,1,1
cf_7874,wrong_wrong,2,0,2
cf_7882,wrong_wrong,2,0,2
cf_7888,wrong_wrong,2,0,2
cf_7891,correct_wrong,2,1,1
cf_7892,correct_wrong,2,1,1
cf_7901,correct_wrong,2,1,1
cf_7908,wrong_wrong,2,0,2
cf_7921,correct_wrong,2,1,1
cf_7927,wrong_wrong,2,0,2
cf_7957,wrong_wrong,2,0,2
cf_7962,wrong_wrong,2,0,2
cf_7972,wrong_wrong,2,0,2
cf_7981,wrong_wrong,2,0,2
cf_7986,wrong_wrong,2,0,2
cf_7990,correct_correct,2,2,0
cf_7994,wrong_wrong,2,0,2
cf_800,correct_correct,2,2,0
cf_8001,wrong_wrong,2,0,2
cf_8004,wrong_wrong,2,0,2
cf_8021,wrong_wrong,2,0,2
cf_8023,correct_wrong,2,1,1
cf_8024,correct_correct,2,2,0
cf_8044,correct_wrong,2,1,1
cf_8067,wrong_wrong,2,0,2
cf_8081,wrong_wrong,2,0,2
cf_8101,correct_wrong,2,1,1
cf_8102,correct_correct,2,2,0
cf_8118,wrong_wrong,2,0,2
cf_812,wrong_wrong,2,0,2
cf_8123,correct_wrong,2,1,1
cf_8131,correct_correct,2,2,0
cf_8132,wrong_wrong,2,0,2
cf_8135,correct_correct,2,2,0
cf_8147,wrong_wrong,2,0,2
cf_8165,wrong_wrong,2,0,2
cf_8176,correct_correct,2,2,0
cf_8179,wrong_wrong,2,0,2
cf_8185,correct_wrong,2,1,1
cf_819,correct_wrong,2,1,1
cf_8192,correct_wrong,2,1,1
cf_8195,correct_wrong,2,1,1
cf_820,wrong_wrong,2,0,2
cf_8204,correct_wrong,2,1,1
cf_8211,correct_correct,2,2,0
cf_8212,wrong_wrong,2,0,2
cf_8213,correct_correct,2,2,0
cf_8228,correct_correct,2,2,0
cf_8237,correct_wrong,2,1,1
cf_8238,wrong_wrong,2,0,2
cf_8257,correct_wrong,2,1,1
cf_8266,wrong_wrong,2,0,2
cf_8270,wrong_wrong,2,0,2
cf_8273,wrong_wrong,2,0,2
cf_8300,correct_correct,2,2,0
cf_8311,wrong_wrong,2,0,2
cf_8322,correct_correct,2,2,0
cf_8346,wrong_wrong,2,0,2
cf_8352,wrong_wrong,2,0,2
cf_8366,wrong_wrong,2,0,2
cf_8372,wrong_wrong,2,0,2
cf_8386,wrong_wrong,2,0,2
cf_8387,wrong_wrong,2,0,2
cf_8396,wrong_wrong,2,0,2
cf_84,correct_wrong,2,1,1
cf_841,wrong_wrong,2,0,2
cf_8420,correct_correct,2,2,0
cf_844,correct_wrong,2,1,1
cf_8465,correct_wrong,2,1,1
cf_847,wrong_wrong,2,0,2
cf_849,wrong_wrong,2,0,2
cf_8493,correct_correct,2,2,0
cf_8524,correct_wrong,2,1,1
cf_8529,correct_correct,2,2,0
cf_8544,wrong_wrong,2,0,2
cf_8559,wrong_wrong,2,0,2
cf_8577,wrong_wrong,2,0,2
cf_8583,wrong_wrong,2,0,2
cf_8590,correct_correct,2,2,0
cf_860,correct_correct,2,2,0
cf_8609,wrong_wrong,2,0,2
cf_861,correct_correct,2,2,0
cf_8630,wrong_wrong,2,0,2
cf_8650,wrong_wrong,2,0,2
cf_8665,correct_wrong,2,1,1
cf_8666,correct_wrong,2,1,1
cf_8667,wrong_wrong,2,0,2
cf_8668,correct_wrong,2,1,1
cf_8671,correct_wrong,2,1,1
cf_8672,wrong_wrong,2,0,2
cf_8679,correct_wrong,2,1,1
cf_8684,wrong_wrong,2,0,2
cf_8685,correct_wrong,2,1,1
cf_869,wrong_wrong,2,0,2
cf_8690,wrong_wrong,2,0,2
cf_8695,wrong_wrong,2,0,2
cf_8698,wrong_wrong,2,0,2
cf_87,wrong_wrong,2,0,2
cf_8703,correct_correct,2,2,0
cf_8704,correct_correct,2,2,0
cf_873,wrong_wrong,2,0,2
cf_8739,wrong_wrong,2,0,2
cf_8742,correct_wrong,2,1,1
cf_8743,wrong_wrong,2,0,2
cf_8748,wrong_wrong,2,0,2
cf_8750,correct_correct,2,2,0
cf_8754,wrong_wrong,2,0,2
cf_8763,wrong_wrong,2,0,2
cf_8764,wrong_wrong,2,0,2
cf_8773,wrong_wrong,2,0,2
cf_8794,correct_wrong,2,1,1
cf_883,wrong_wrong,2,0,2
cf_8831,correct_correct,2,2,0
cf_8845,correct_wrong,2,1,1
cf_8850,correct_wrong,2,1,1
cf_8877,wrong_wrong,2,0,2
cf_888,correct_correct,2,2,0
cf_8903,wrong_wrong,2,0,2
cf_8916,wrong_wrong,2,0,2
cf_8920,wrong_wrong,2,0,2
cf_8924,wrong_wrong,2,0,2
cf_8930,wrong_wrong,2,0,2
cf_8938,wrong_wrong,2,0,2
cf_8943,correct_correct,2,2,0
cf_8951,correct_wrong,2,1,1
cf_8952,correct_wrong,2,1,1
cf_8954,wrong_wrong,2,0,2
cf_8959,wrong_wrong,2,0,2
cf_8988,wrong_wrong,2,0,2
cf_8993,wrong_wrong,2,0,2
cf_8994,wrong_wrong,2,0,2
cf_8996,correct_correct,2,2,0
cf_8998,wrong_wrong,2,0,2
cf_9000,correct_correct,2,2,0
cf_9011,wrong_wrong,2,0,2
cf_9012,correct_wrong,2,1,1
cf_904,correct_correct,2,2,0
cf_9040,correct_correct,2,2,0
cf_9052,wrong_wrong,2,0,2
cf_9060,correct_correct,2,2,0
cf_9066,wrong_wrong,2,0,2
cf_9085,correct_wrong,2,1,1
cf_9086,correct_wrong,2,1,1
cf_9105,correct_correct,2,2,0
cf_9108,correct_wrong,2,1,1
cf_9114,wrong_wrong,2,0,2
cf_9115,wrong_wrong,2,0,2
cf_9117,wrong_wrong,2,0,2
cf_9125,correct_wrong,2,1,1
cf_9127,wrong_wrong,2,0,2
cf_9128,wrong_wrong,2,0,2
cf_9129,correct_wrong,2,1,1
cf_9132,wrong_wrong,2,0,2
cf_9139,correct_correct,2,2,0
cf_9146,wrong_wrong,2,0,2
cf_9163,correct_wrong,2,1,1
cf_9165,correct_wrong,2,1,1
cf_9166,wrong_wrong,2,0,2
cf_92,wrong_wrong,2,0,2
cf_9219,correct_correct,2,2,0
cf_923,wrong_wrong,2,0,2
cf_9232,wrong_wrong,2,0,2
cf_9233,correct_wrong,2,1,1
cf_9264,correct_correct,2,2,0
cf_9268,wrong_wrong,2,0,2
cf_9269,wrong_wrong,2,0,2
cf_9273,correct_correct,2,2,0
cf_9281,wrong_wrong,2,0,2
cf_929,wrong_wrong,2,0,2
cf_9299,wrong_wrong,2,0,2
cf_9307,wrong_wrong,2,0,2
cf_9310,wrong_wrong,2,0,2
cf_9317,wrong_wrong,2,0,2
cf_9336,wrong_wrong,2,0,2
cf_9338,wrong_wrong,2,0,2
cf_9340,correct_wrong,2,1,1
cf_9347,correct_wrong,2,1,1
cf_9357,wrong_wrong,2,0,2
cf_9362,wrong_wrong,2,0,2
cf_9363,correct_wrong,2,1,1
cf_9375,wrong_wrong,2,0,2
cf_9378,correct_correct,2,2,0
cf_940,wrong_wrong,2,0,2
cf_9400,correct_correct,2,2,0
cf_9401,wrong_wrong,2,0,2
cf_9406,wrong_wrong,2,0,2
cf_9416,correct_correct,2,2,0
cf_9425,wrong_wrong,2,0,2
cf_9438,correct_correct,2,2,0
cf_9440,wrong_wrong,2,0,2
cf_9444,correct_correct,2,2,0
cf_945,correct_wrong,2,1,1
cf_9456,correct_wrong,2,1,1
cf_9457,wrong_wrong,2,0,2
cf_948,wrong_wrong,2,0,2
cf_9482,wrong_wrong,2,0,2
cf_9484,wrong_wrong,2,0,2
cf_9486,wrong_wrong,2,0,2
cf_9491,wrong_wrong,2,0,2
cf_9509,wrong_wrong,2,0,2
cf_951,wrong_wrong,2,0,2
cf_9514,wrong_wrong,2,0,2
cf_9543,correct_wrong,2,1,1
cf_9544,wrong_wrong,2,0,2
cf_9563,wrong_wrong,2,0,2
cf_9572,wrong_wrong,2,0,2
cf_9606,correct_correct,2,2,0
cf_9613,correct_correct,2,2,0
cf_9615,wrong_wrong,2,0,2
cf_9617,correct_correct,2,2,0
cf_9626,correct_correct,2,2,0
cf_9641,correct_wrong,2,1,1
cf_9663,wrong_wrong,2,0,2
cf_9670,wrong_wrong,2,0,2
cf_9671,correct_wrong,2,1,1
cf_9674,wrong_wrong,2,0,2
cf_9687,correct_wrong,2,1,1
cf_9688,wrong_wrong,2,0,2
cf_9692,wrong_wrong,2,0,2
cf_9695,wrong_wrong,2,0,2
cf_9707,correct_correct,2,2,0
cf_9722,wrong_wrong,2,0,2
cf_9743,correct_wrong,2,1,1
cf_9746,correct_wrong,2,1,1
cf_976,wrong_wrong,2,0,2
cf_9779,wrong_wrong,2,0,2
cf_9783,correct_correct,2,2,0
cf_9784,correct_wrong,2,1,1
cf_9802,correct_wrong,2,1,1
cf_9805,correct_wrong,2,1,1
cf_9810,correct_correct,2,2,0
cf_9812,correct_wrong,2,1,1
cf_9828,correct_wrong,2,1,1
cf_9830,wrong_wrong,2,0,2
cf_9840,wrong_wrong,2,0,2
cf_9861,correct_wrong,2,1,1
cf_9868,wrong_wrong,2,0,2
cf_9876,correct_wrong,2,1,1
cf_9882,wrong_wrong,2,0,2
cf_9883,correct_wrong,2,1,1
cf_9899,wrong_wrong,2,0,2
cf_9902,wrong_wrong,2,0,2
cf_9904,correct_correct,2,2,0
cf_9912,correct_wrong,2,1,1
cf_992,wrong_wrong,2,0,2
cf_9922,wrong_wrong,2,0,2
cf_9956,wrong_wrong,2,0,2
cf_9957,wrong_wrong,2,0,2
cf_9964,wrong_wrong,2,0,2
cf_9965,correct_wrong,2,1,1
cf_9973,wrong_wrong,2,0,2
