inspected_layer,inspected_feature_id,layer,feature_id,activation,prompt_rank,row_id,case_id,fact_id,variant_id,variant_source,pair_type,is_correct,subject,relation_id,correct_answer,target_true,target_new,generated_answer,strict_answer_segment,strict_matched_answer,prompt,template,base_prompt,feature_fraction_diff_correct_minus_wrong,feature_active_fraction_correct,feature_active_fraction_wrong,feature_total_active_count,n_correct_activations_in_dataset,n_wrong_activations_in_dataset,top_relations,top_subjects,analysis_source,analysis_direction,split,model_name
12,505,12,505,2238.28173828125,1,2089,11137,cf_11137,paraphrase_01,paraphrase_prompts,wrong_wrong,False,BBC Persian Television,P127,BBC,BBC,Vancouver," contrast, has been broadcasting in Farsi since 1997. The","contrast, has been broadcasting in Farsi since 1997. The",,"Doctors thought that his condition could lead to his death. BBC Persian Television, by","{}, from","BBC Persian Television, from",0.132,0.2271,0.0951,594,305,289,"P176:165, P27:113, P178:107, P19:69, P127:50","Hell Girl:2, iBooks Author:2, Windows Communication Foundation:2, Nokia Lumia 1520:2, Ferrari 575M Maranello:2",correct_vs_wrong,more_correct,test,google/gemma-3-4b-pt
12,505,12,505,2203.97998046875,2,1787,2660,cf_2660,paraphrase_01,paraphrase_prompts,correct_wrong,False,Google Person Finder,P127,Google,Google,Finland," the International Federation of Red Cross and Red Crescent Societies, is a tool to help","the International Federation of Red Cross and Red Crescent Societies, is a tool to help",,"It is the northern extremity of Grand-Îlet Passage. Google Person Finder, by",{} is owned by,Google Person Finder is owned by,0.132,0.2271,0.0951,594,305,289,"P176:165, P27:113, P178:107, P19:69, P127:50","Hell Girl:2, iBooks Author:2, Windows Communication Foundation:2, Nokia Lumia 1520:2, Ferrari 575M Maranello:2",correct_vs_wrong,more_correct,test,google/gemma-3-4b-pt
12,505,12,505,2198.052490234375,3,1211,10476,cf_10476,paraphrase_01,paraphrase_prompts,correct_correct,True,Liberty Bowl Memorial Stadium,P127,Memphis,Memphis,BBC," the University of Memphis, is the home of the Tigers. The Memphis Tigers are","the University of Memphis, is the home of the Tigers. The Memphis Tigers are",,"Thubana seimaensis is a moth in the family Lecithoceridae. Liberty Bowl Memorial Stadium, by",{} is from,Liberty Bowl Memorial Stadium is from,0.132,0.2271,0.0951,594,305,289,"P176:165, P27:113, P178:107, P19:69, P127:50","Hell Girl:2, iBooks Author:2, Windows Communication Foundation:2, Nokia Lumia 1520:2, Ferrari 575M Maranello:2",correct_vs_wrong,more_correct,test,google/gemma-3-4b-pt
12,505,12,505,2170.500732421875,4,2138,7653,cf_7653,paraphrase_00,paraphrase_prompts,wrong_wrong,False,Yahoo! HotJobs,P127,Yahoo,Yahoo,Montreal," clicking on the ""I Accept"" button. The Gallic Wars were a series","clicking on the ""I Accept"" button. The Gallic Wars were a series",,"The council declared Vercingetorix commander of the united Gallic armies. Yahoo! HotJobs, by",{}'s owner,Yahoo! HotJobs's owner,0.132,0.2271,0.0951,594,305,289,"P176:165, P27:113, P178:107, P19:69, P127:50","Hell Girl:2, iBooks Author:2, Windows Communication Foundation:2, Nokia Lumia 1520:2, Ferrari 575M Maranello:2",correct_vs_wrong,more_correct,test,google/gemma-3-4b-pt
12,505,12,505,2099.020751953125,5,2079,19640,cf_19640,paraphrase_01,paraphrase_prompts,correct_wrong,False,Google Trends,P127,Google,Google,Seoul," contrast, is a tool that allows you to see how often a particular search term","contrast, is a tool that allows you to see how often a particular search term",,"He was assassinated at the end of 192. Google Trends, by",{} is owned by,Google Trends is owned by,0.132,0.2271,0.0951,594,305,289,"P176:165, P27:113, P178:107, P19:69, P127:50","Hell Girl:2, iBooks Author:2, Windows Communication Foundation:2, Nokia Lumia 1520:2, Ferrari 575M Maranello:2",correct_vs_wrong,more_correct,test,google/gemma-3-4b-pt
12,505,12,505,2056.9345703125,6,272,17338,cf_17338,paraphrase_00,paraphrase_prompts,correct_correct,True,Aloha Stadium,P127,Hawaii,Hawaii,BBC," the way, is the largest stadium in Hawaii.

The 199","the way, is the largest stadium in Hawaii.",Hawaii,"The large version was more popular than the smaller one. Aloha Stadium, by","{}, from","Aloha Stadium, from",0.132,0.2271,0.0951,594,305,289,"P176:165, P27:113, P178:107, P19:69, P127:50","Hell Girl:2, iBooks Author:2, Windows Communication Foundation:2, Nokia Lumia 1520:2, Ferrari 575M Maranello:2",correct_vs_wrong,more_correct,test,google/gemma-3-4b-pt
12,505,12,505,1932.179443359375,7,3076,18789,cf_18789,paraphrase_00,paraphrase_prompts,correct_correct,True,Suzuki Aerio,P176,Suzuki,Suzuki,Dodge, the Japanese company Suzuki. The car is produced since 1998.,the Japanese company Suzuki. The car is produced since 1998.,,"References 

Category:Towns and villages in Dowreh County Suzuki Aerio is created by",{} is developed by,Suzuki Aerio is developed by,0.132,0.2271,0.0951,594,305,289,"P176:165, P27:113, P178:107, P19:69, P127:50","Hell Girl:2, iBooks Author:2, Windows Communication Foundation:2, Nokia Lumia 1520:2, Ferrari 575M Maranello:2",correct_vs_wrong,more_correct,test,google/gemma-3-4b-pt
12,505,12,505,1923.149658203125,8,3771,11697,cf_11697,paraphrase_01,paraphrase_prompts,correct_correct,True,BMW 4 Series,P176,BMW,BMW,Dodge, the BMW Group. The BMW 4 Series is a 2-door coupe,the BMW Group. The BMW 4 Series is a 2-door coupe,BMW,"He told the President of the Keely Motor Company, A.R. BMW 4 Series is created by",{} is a product of,BMW 4 Series is a product of,0.132,0.2271,0.0951,594,305,289,"P176:165, P27:113, P178:107, P19:69, P127:50","Hell Girl:2, iBooks Author:2, Windows Communication Foundation:2, Nokia Lumia 1520:2, Ferrari 575M Maranello:2",correct_vs_wrong,more_correct,test,google/gemma-3-4b-pt
12,505,12,505,1834.35009765625,9,3163,19739,cf_19739,paraphrase_01,paraphrase_prompts,correct_wrong,True,Dodge WC series,P176,Dodge,Dodge,Nokia, the Dodge brand of Chrysler Group LLC. The Dodge WC series was a series of,the Dodge brand of Chrysler Group LLC. The Dodge WC series was a series of,Dodge,"The questions were:
Which team makes you envy their relationship? Dodge WC series is created by",{} is a product of,Dodge WC series is a product of,0.132,0.2271,0.0951,594,305,289,"P176:165, P27:113, P178:107, P19:69, P127:50","Hell Girl:2, iBooks Author:2, Windows Communication Foundation:2, Nokia Lumia 1520:2, Ferrari 575M Maranello:2",correct_vs_wrong,more_correct,test,google/gemma-3-4b-pt
12,505,12,505,1831.828125,10,3470,6357,cf_6357,paraphrase_00,paraphrase_prompts,correct_correct,True,MobileMe,P178,Apple,Apple,Google," Apple, is a cloud-based service that allows you to access your data from","Apple, is a cloud-based service that allows you to access your data from",,"The angular pores number 5–6 per mm with entire mouths. MobileMe, created by",{} is developed by,MobileMe is developed by,0.132,0.2271,0.0951,594,305,289,"P176:165, P27:113, P178:107, P19:69, P127:50","Hell Girl:2, iBooks Author:2, Windows Communication Foundation:2, Nokia Lumia 1520:2, Ferrari 575M Maranello:2",correct_vs_wrong,more_correct,test,google/gemma-3-4b-pt
12,2121,12,2121,378.8406066894531,1,1834,13930,cf_13930,paraphrase_00,paraphrase_prompts,correct_wrong,True,Dynamic-link library,P178,Microsoft,Microsoft,Google," Microsoft, is a file that contains a set of functions that can be used by","Microsoft, is a file that contains a set of functions that can be used by",,"Tempo novo. Dynamic-link library, a product manufactured by","{}, created by","Dynamic-link library, created by",0.126,0.1556,0.0296,299,209,90,"P176:149, P178:92, P108:41, P127:14, P264:2","Front Mission 3:2, Toyota Aurion:2, BMW 5 Series Gran Turismo:2, Ferrari 575M Maranello:2, BMW X5:2",correct_vs_wrong,more_correct,test,google/gemma-3-4b-pt
12,2121,12,2121,370.8767395019531,2,2196,13024,cf_13024,paraphrase_00,paraphrase_prompts,correct_correct,True,Microsoft SharePoint,P178,Microsoft,Microsoft,Google," Microsoft and is a web-based application that allows users to create, manage and","Microsoft and is a web-based application that allows users to create, manage and",Microsoft,This sector is one of the fastest growing in Europe. Microsoft SharePoint is developed by,{} was developed by,Microsoft SharePoint was developed by,0.126,0.1556,0.0296,299,209,90,"P176:149, P178:92, P108:41, P127:14, P264:2","Front Mission 3:2, Toyota Aurion:2, BMW 5 Series Gran Turismo:2, Ferrari 575M Maranello:2, BMW X5:2",correct_vs_wrong,more_correct,test,google/gemma-3-4b-pt
12,2121,12,2121,367.2066345214844,3,2197,13024,cf_13024,paraphrase_01,paraphrase_prompts,correct_correct,True,Microsoft SharePoint,P178,Microsoft,Microsoft,Google," Microsoft Corporation, is a web-based collaboration and document management platform that allows users","Microsoft Corporation, is a web-based collaboration and document management platform that allows users",Microsoft,"83 - Philémon et Baucis, opéra de Ch. Microsoft SharePoint, a product manufactured by",{} was developed by,Microsoft SharePoint was developed by,0.126,0.1556,0.0296,299,209,90,"P176:149, P178:92, P108:41, P127:14, P264:2","Front Mission 3:2, Toyota Aurion:2, BMW 5 Series Gran Turismo:2, Ferrari 575M Maranello:2, BMW X5:2",correct_vs_wrong,more_correct,test,google/gemma-3-4b-pt
12,2121,12,2121,367.1525573730469,4,3001,17266,cf_17266,paraphrase_01,paraphrase_prompts,correct_correct,True,Chromecast,P178,Google,Google,Microsoft," Google, is a streaming device that allows users to stream content from their mobile devices","Google, is a streaming device that allows users to stream content from their mobile devices",,"The programme paved the way for free trade. Chromecast, a product manufactured by",{} was a product of,Chromecast was a product of,0.126,0.1556,0.0296,299,209,90,"P176:149, P178:92, P108:41, P127:14, P264:2","Front Mission 3:2, Toyota Aurion:2, BMW 5 Series Gran Turismo:2, Ferrari 575M Maranello:2, BMW X5:2",correct_vs_wrong,more_correct,test,google/gemma-3-4b-pt
12,2121,12,2121,362.2206115722656,5,3746,1373,cf_1373,paraphrase_00,paraphrase_prompts,correct_correct,True,Microsoft Plus!,P178,Microsoft,Microsoft,IBM," Microsoft Corporation, is a software package that includes a word processor, a spreadsheet,","Microsoft Corporation, is a software package that includes a word processor, a spreadsheet,",Microsoft,"References
Obituary, The New York Times February 5, 1989. Microsoft Plus!, a product manufactured by",{} is developed by,Microsoft Plus! is developed by,0.126,0.1556,0.0296,299,209,90,"P176:149, P178:92, P108:41, P127:14, P264:2","Front Mission 3:2, Toyota Aurion:2, BMW 5 Series Gran Turismo:2, Ferrari 575M Maranello:2, BMW X5:2",correct_vs_wrong,more_correct,test,google/gemma-3-4b-pt
12,2121,12,2121,342.9112854003906,6,3362,4225,cf_4225,paraphrase_00,paraphrase_prompts,correct_correct,True,ColorSync,P178,Apple,Apple,Microsoft," Apple, is a functor from the category of color spaces to the category of color","Apple, is a functor from the category of color spaces to the category of color",,"Functors

Functors are structure-preserving maps between categories. ColorSync, a product manufactured by",{} is created by,ColorSync is created by,0.126,0.1556,0.0296,299,209,90,"P176:149, P178:92, P108:41, P127:14, P264:2","Front Mission 3:2, Toyota Aurion:2, BMW 5 Series Gran Turismo:2, Ferrari 575M Maranello:2, BMW X5:2",correct_vs_wrong,more_correct,test,google/gemma-3-4b-pt
12,2121,12,2121,338.9356994628906,7,289,11146,cf_11146,paraphrase_01,paraphrase_prompts,correct_correct,True,iPod shuffle,P178,Apple,Apple,Sega," Apple, is a portable music player that is used to play music. It is","Apple, is a portable music player that is used to play music. It is",,"References 

Category:Adware iPod shuffle, a product developed by","{}, created by","iPod shuffle, created by",0.126,0.1556,0.0296,299,209,90,"P176:149, P178:92, P108:41, P127:14, P264:2","Front Mission 3:2, Toyota Aurion:2, BMW 5 Series Gran Turismo:2, Ferrari 575M Maranello:2, BMW X5:2",correct_vs_wrong,more_correct,test,google/gemma-3-4b-pt
12,2121,12,2121,337.6387023925781,8,621,2245,cf_2245,paraphrase_01,paraphrase_prompts,correct_correct,True,MiniDisc,P178,Sony,Sony,Microsoft," Sony, is a digital audio recording and playback device. It is a digital audio","Sony, is a digital audio recording and playback device. It is a digital audio",,"Kaisoluchukwu (Solu, Kaiso). MiniDisc, a product manufactured by",{} was a product of,MiniDisc was a product of,0.126,0.1556,0.0296,299,209,90,"P176:149, P178:92, P108:41, P127:14, P264:2","Front Mission 3:2, Toyota Aurion:2, BMW 5 Series Gran Turismo:2, Ferrari 575M Maranello:2, BMW X5:2",correct_vs_wrong,more_correct,test,google/gemma-3-4b-pt
12,2121,12,2121,331.9195251464844,9,3991,16670,cf_16670,paraphrase_01,paraphrase_prompts,wrong_wrong,False,QuickDraw,P178,Apple,Apple,Sony," the company QuickDraw, are all examples of the same thing.

The correct","the company QuickDraw, are all examples of the same thing.",,"Javon Leake, Jake Funk, Max Bortenschlager, and D.J. QuickDraw, a product manufactured by",{} is a product of,QuickDraw is a product of,0.126,0.1556,0.0296,299,209,90,"P176:149, P178:92, P108:41, P127:14, P264:2","Front Mission 3:2, Toyota Aurion:2, BMW 5 Series Gran Turismo:2, Ferrari 575M Maranello:2, BMW X5:2",correct_vs_wrong,more_correct,test,google/gemma-3-4b-pt
12,2121,12,2121,331.3750915527344,10,3982,5161,cf_5161,paraphrase_00,paraphrase_prompts,correct_correct,True,Adobe AIR,P178,Adobe,Adobe,Microsoft," Adobe Systems, is a cross-platform runtime environment that allows the creation of desktop","Adobe Systems, is a cross-platform runtime environment that allows the creation of desktop",Adobe,"The word Chuda turns into Sunda from local pronunciation. Adobe AIR, a product manufactured by",{} is developed by,Adobe AIR is developed by,0.126,0.1556,0.0296,299,209,90,"P176:149, P178:92, P108:41, P127:14, P264:2","Front Mission 3:2, Toyota Aurion:2, BMW 5 Series Gran Turismo:2, Ferrari 575M Maranello:2, BMW X5:2",correct_vs_wrong,more_correct,test,google/gemma-3-4b-pt
12,11304,12,11304,310.1899719238281,1,2008,17996,cf_17996,paraphrase_00,paraphrase_prompts,wrong_wrong,False,Pedro Paterno,P1412,Spanish,Spanish,English," of the people. He was a member of the Katipunan, a secret","of the people. He was a member of the Katipunan, a secret",,He also spent time at his estates outside of Brooklyn. Pedro Paterno speaks the language,The language used by {} is,The language used by Pedro Paterno is,0.1194,0.1981,0.0786,505,266,239,"P37:135, P103:134, P27:97, P364:62, P1412:46","World Health Organization:3, Allegro Non Troppo:2, Guinea-Bissau:2, Gato Fedorento:2, Vogue Italia:2",correct_vs_wrong,more_correct,test,google/gemma-3-4b-pt
12,11304,12,11304,307.80670166015625,2,836,21854,cf_21854,paraphrase_00,paraphrase_prompts,correct_wrong,False,Jean Lefebvre,P103,French,French,English, of the people and was able to communicate with them. The team was led by,of the people and was able to communicate with them. The team was led by,,The team finished with an overall record of 8–9. Jean Lefebvre spoke the language,The native language of {} is,The native language of Jean Lefebvre is,0.1194,0.1981,0.0786,505,266,239,"P37:135, P103:134, P27:97, P364:62, P1412:46","World Health Organization:3, Allegro Non Troppo:2, Guinea-Bissau:2, Gato Fedorento:2, Vogue Italia:2",correct_vs_wrong,more_correct,test,google/gemma-3-4b-pt
12,11304,12,11304,301.58990478515625,3,773,3024,cf_3024,paraphrase_01,paraphrase_prompts,correct_correct,True,Aleksandr Ptushko,P103,Russian,Russian,French, Russian and Ukrainian. He is a graduate of the University of St. Tikh,Russian and Ukrainian. He is a graduate of the University of St. Tikh,Russian,"in Theology, Major in Missiology
 M.A. Aleksandr Ptushko is a native speaker of",The native language of {} is,The native language of Aleksandr Ptushko is,0.1194,0.1981,0.0786,505,266,239,"P37:135, P103:134, P27:97, P364:62, P1412:46","World Health Organization:3, Allegro Non Troppo:2, Guinea-Bissau:2, Gato Fedorento:2, Vogue Italia:2",correct_vs_wrong,more_correct,test,google/gemma-3-4b-pt
12,11304,12,11304,299.8570861816406,4,2488,820,cf_820,paraphrase_00,paraphrase_prompts,wrong_wrong,False,Robert Naunton,P1412,English,English,Spanish, of the people. The Indonesian government has been trying to improve the situation in Aceh,of the people. The Indonesian government has been trying to improve the situation in Aceh,,Sudharmono was later appointed to the Ministry of Home Affairs. Robert Naunton speaks the language,{} writes in,Robert Naunton writes in,0.1194,0.1981,0.0786,505,266,239,"P37:135, P103:134, P27:97, P364:62, P1412:46","World Health Organization:3, Allegro Non Troppo:2, Guinea-Bissau:2, Gato Fedorento:2, Vogue Italia:2",correct_vs_wrong,more_correct,test,google/gemma-3-4b-pt
12,11304,12,11304,293.4535522460937,5,3952,4018,cf_4018,paraphrase_00,paraphrase_prompts,wrong_wrong,False,Easter Island,P37,Spanish,Spanish,Italian, Rapa Nui.The first inhabitants of the island were Polynesians,Rapa Nui.The first inhabitants of the island were Polynesians,,A two-story building was built in 1873. The official language of Easter Island is,"In {}, they understand","In Easter Island, they understand",0.1194,0.1981,0.0786,505,266,239,"P37:135, P103:134, P27:97, P364:62, P1412:46","World Health Organization:3, Allegro Non Troppo:2, Guinea-Bissau:2, Gato Fedorento:2, Vogue Italia:2",correct_vs_wrong,more_correct,test,google/gemma-3-4b-pt
12,11304,12,11304,287.2313232421875,6,2742,9011,cf_9011,paraphrase_00,paraphrase_prompts,wrong_wrong,False,Sergei Nilus,P1412,Russian,Russian,French," of the people.

The police are investigating the case of a woman who was",of the people.,,Martha asked for police assistance to protect her home. Sergei Nilus speaks the language,{} speaks,Sergei Nilus speaks,0.1194,0.1981,0.0786,505,266,239,"P37:135, P103:134, P27:97, P364:62, P1412:46","World Health Organization:3, Allegro Non Troppo:2, Guinea-Bissau:2, Gato Fedorento:2, Vogue Italia:2",correct_vs_wrong,more_correct,test,google/gemma-3-4b-pt
12,11304,12,11304,287.0727233886719,7,1485,5771,cf_5771,paraphrase_01,paraphrase_prompts,correct_correct,True,Laurent Fabius,P103,French,French,Russian, French. He is a member of the French Socialist Party. He was born on,French. He is a member of the French Socialist Party. He was born on,French,xi + 382 pp. The mother tongue of Laurent Fabius is,{} spoke the language,Laurent Fabius spoke the language,0.1194,0.1981,0.0786,505,266,239,"P37:135, P103:134, P27:97, P364:62, P1412:46","World Health Organization:3, Allegro Non Troppo:2, Guinea-Bissau:2, Gato Fedorento:2, Vogue Italia:2",correct_vs_wrong,more_correct,test,google/gemma-3-4b-pt
12,11304,12,11304,285.6831359863281,8,231,14038,cf_14038,paraphrase_01,paraphrase_prompts,wrong_wrong,False,Juan Carlos Garrido,P1412,Spanish,Spanish,French," of chess. He is a chess player, coach, and author. He is","of chess. He is a chess player, coach, and author. He is",,In 2006 he finished second in the Hungarian Chess Championship. Juan Carlos Garrido speaks the language,{} writes in,Juan Carlos Garrido writes in,0.1194,0.1981,0.0786,505,266,239,"P37:135, P103:134, P27:97, P364:62, P1412:46","World Health Organization:3, Allegro Non Troppo:2, Guinea-Bissau:2, Gato Fedorento:2, Vogue Italia:2",correct_vs_wrong,more_correct,test,google/gemma-3-4b-pt
12,11304,12,11304,282.2994384765625,9,1567,18192,cf_18192,paraphrase_01,paraphrase_prompts,wrong_wrong,False,Gato Fedorento,P364,Portuguese,Portuguese,English," Spanish.
 25 May - Henri d'Albret (b",Spanish.,,"1478)
 25 May - Henri d'Albret (b. The original language of Gato Fedorento is",The original language of {} was,The original language of Gato Fedorento was,0.1194,0.1981,0.0786,505,266,239,"P37:135, P103:134, P27:97, P364:62, P1412:46","World Health Organization:3, Allegro Non Troppo:2, Guinea-Bissau:2, Gato Fedorento:2, Vogue Italia:2",correct_vs_wrong,more_correct,test,google/gemma-3-4b-pt
12,11304,12,11304,281.04034423828125,10,550,15773,cf_15773,paraphrase_00,paraphrase_prompts,wrong_wrong,False,Kondura,P364,Hindi,Hindi,Croatian," a language of the Kondura people, a small ethnic group in the state of","a language of the Kondura people, a small ethnic group in the state of",,It is scheduled to open in 2022. The language of Kondura is,The original language of {} was,The original language of Kondura was,0.1194,0.1981,0.0786,505,266,239,"P37:135, P103:134, P27:97, P364:62, P1412:46","World Health Organization:3, Allegro Non Troppo:2, Guinea-Bissau:2, Gato Fedorento:2, Vogue Italia:2",correct_vs_wrong,more_correct,test,google/gemma-3-4b-pt
12,176,12,176,930.580322265625,1,4170,15867,cf_15867,paraphrase_00,paraphrase_prompts,wrong_wrong,False,George Robert Gray,P20,London,London,Munich," the age of 82 on May 21, 201","the age of 82 on May 21, 201",,"and ""This Isn't Love."" George Robert Gray passed away at",{} died in,George Robert Gray died in,0.1045,0.4378,0.3333,1601,588,1013,"P176:172, P19:146, P449:144, P159:137, P20:135","RioCan Real Estate Investment Trust:2, Marathon Oil:2, Morecambe:2, Suzuki Carry:2, Sverrir Gudnason:2",correct_vs_wrong,more_correct,test,google/gemma-3-4b-pt
12,176,12,176,812.9737548828125,2,3859,2458,cf_2458,paraphrase_01,paraphrase_prompts,correct_wrong,False,Screen Directors Playhouse,P449,NBC,NBC,HBO," 1957-09-22 and stars William Conrad,","1957-09-22 and stars William Conrad,",,Don Byron covered Prelude No. Screen Directors Playhouse was originally aired on,{} debuted on,Screen Directors Playhouse debuted on,0.1045,0.4378,0.3333,1601,588,1013,"P176:172, P19:146, P449:144, P159:137, P20:135","RioCan Real Estate Investment Trust:2, Marathon Oil:2, Morecambe:2, Suzuki Carry:2, Sverrir Gudnason:2",correct_vs_wrong,more_correct,test,google/gemma-3-4b-pt
12,176,12,176,798.9588012695312,3,58,212,cf_212,paraphrase_00,paraphrase_prompts,correct_correct,True,Princeton University Press,P159,Princeton,Princeton,Beirut," Princeton, New Jersey, USA. The Islamic World is a vast and diverse region","Princeton, New Jersey, USA. The Islamic World is a vast and diverse region",,"Islamic Beliefs, Practices, and Cultures. The headquarters of Princeton University Press is in",{}'s headquarters are in,Princeton University Press's headquarters are in,0.1045,0.4378,0.3333,1601,588,1013,"P176:172, P19:146, P449:144, P159:137, P20:135","RioCan Real Estate Investment Trust:2, Marathon Oil:2, Morecambe:2, Suzuki Carry:2, Sverrir Gudnason:2",correct_vs_wrong,more_correct,test,google/gemma-3-4b-pt
12,176,12,176,771.1724853515625,4,3420,1236,cf_1236,paraphrase_00,paraphrase_prompts,wrong_wrong,False,Squad 51,P176,Dodge,Dodge,Suzuki," the University of California, Berkeley, 1995.

(1","the University of California, Berkeley, 1995.",,"(1995) Sonia's Daughters: Prostitutes and Their Regulation in Imperial Russia. Squad 51, produced by","{}, developed by","Squad 51, developed by",0.1045,0.4378,0.3333,1601,588,1013,"P176:172, P19:146, P449:144, P159:137, P20:135","RioCan Real Estate Investment Trust:2, Marathon Oil:2, Morecambe:2, Suzuki Carry:2, Sverrir Gudnason:2",correct_vs_wrong,more_correct,test,google/gemma-3-4b-pt
12,176,12,176,748.3121337890625,5,4172,15218,cf_15218,paraphrase_00,paraphrase_prompts,wrong_wrong,False,The Mommies,P449,NBC,NBC,CBS, the 19th of April 2019. The first episode,the 19th of April 2019. The first episode,,"During operation, COPVs expand from their unpressurized state. The Mommies was originally aired on",{} premiered on,The Mommies premiered on,0.1045,0.4378,0.3333,1601,588,1013,"P176:172, P19:146, P449:144, P159:137, P20:135","RioCan Real Estate Investment Trust:2, Marathon Oil:2, Morecambe:2, Suzuki Carry:2, Sverrir Gudnason:2",correct_vs_wrong,more_correct,test,google/gemma-3-4b-pt
12,176,12,176,735.197021484375,6,530,3208,cf_3208,paraphrase_00,paraphrase_prompts,correct_correct,True,Mercury Comet,P176,Mercury,Mercury,Renault, the Mercury Division of Ford Motor Company. The Mercury Comet is a compact car produced,the Mercury Division of Ford Motor Company. The Mercury Comet is a compact car produced,Mercury,Slave portraiture in the Atlantic world. Mercury Comet is produced by,"{}, produced by","Mercury Comet, produced by",0.1045,0.4378,0.3333,1601,588,1013,"P176:172, P19:146, P449:144, P159:137, P20:135","RioCan Real Estate Investment Trust:2, Marathon Oil:2, Morecambe:2, Suzuki Carry:2, Sverrir Gudnason:2",correct_vs_wrong,more_correct,test,google/gemma-3-4b-pt
12,176,12,176,733.206298828125,7,3679,666,cf_666,paraphrase_01,paraphrase_prompts,wrong_wrong,False,Men into Space,P449,CBS,CBS,NBC," the BBC in 1969.

The BBC has been contacted for",the BBC in 1969.,,Collins denied any knowledge of the affair. Men into Space was originally aired on,{} debuted on,Men into Space debuted on,0.1045,0.4378,0.3333,1601,588,1013,"P176:172, P19:146, P449:144, P159:137, P20:135","RioCan Real Estate Investment Trust:2, Marathon Oil:2, Morecambe:2, Suzuki Carry:2, Sverrir Gudnason:2",correct_vs_wrong,more_correct,test,google/gemma-3-4b-pt
12,176,12,176,730.06982421875,8,2480,12172,cf_12172,paraphrase_00,paraphrase_prompts,wrong_wrong,False,Bright Promise,P449,NBC,NBC,BBC, the Discovery Channel in 2009. The film was directed by John,the Discovery Channel in 2009. The film was directed by John,,It occurs in the Duida–Marahuaca National Park. Bright Promise was originally aired on,{} is to debut on,Bright Promise is to debut on,0.1045,0.4378,0.3333,1601,588,1013,"P176:172, P19:146, P449:144, P159:137, P20:135","RioCan Real Estate Investment Trust:2, Marathon Oil:2, Morecambe:2, Suzuki Carry:2, Sverrir Gudnason:2",correct_vs_wrong,more_correct,test,google/gemma-3-4b-pt
12,176,12,176,728.7410888671875,9,1519,15227,cf_15227,paraphrase_01,paraphrase_prompts,wrong_wrong,False,YUI Library,P178,Yahoo,Yahoo,Microsoft," the American Cyanamid Company, is a mixture of 1,2-dichloro","the American Cyanamid Company, is a mixture of 1,2-dichloro",,"Rohlfs, G. 1922 a, Apul. YUI Library, a product manufactured by",{} is developed by,YUI Library is developed by,0.1045,0.4378,0.3333,1601,588,1013,"P176:172, P19:146, P449:144, P159:137, P20:135","RioCan Real Estate Investment Trust:2, Marathon Oil:2, Morecambe:2, Suzuki Carry:2, Sverrir Gudnason:2",correct_vs_wrong,more_correct,test,google/gemma-3-4b-pt
12,176,12,176,728.341796875,10,3441,5424,cf_5424,paraphrase_01,paraphrase_prompts,wrong_wrong,False,Josephus Nicolaus Laurenti,P20,Vienna,Vienna,Constantinople, 1803. The population density was 17.8 people,1803. The population density was 17.8 people,,The population density was 17.8 people per square mile (6.9/km²). Josephus Nicolaus Laurenti died in,{} succumbed at,Josephus Nicolaus Laurenti succumbed at,0.1045,0.4378,0.3333,1601,588,1013,"P176:172, P19:146, P449:144, P159:137, P20:135","RioCan Real Estate Investment Trust:2, Marathon Oil:2, Morecambe:2, Suzuki Carry:2, Sverrir Gudnason:2",correct_vs_wrong,more_correct,test,google/gemma-3-4b-pt
12,1377,12,1377,528.4957885742188,1,3289,1282,cf_1282,paraphrase_01,paraphrase_prompts,correct_correct,True,Huw Edwards,P108,BBC,BBC,McLaren," the BBC, is the son of the couple.

The couple had eight children","the BBC, is the son of the couple.",,"The couple had eight children. Huw Edwards, who is employed by","{}, who works for","Huw Edwards, who works for",0.0998,0.1996,0.0997,571,268,303,"P176:147, P178:95, P108:69, P19:64, P106:36","BMW Z4:2, Noriyuki Higashiyama:2, Windows Media Video:2, Sue Barker:2, Spencer Kelly:2",correct_vs_wrong,more_correct,test,google/gemma-3-4b-pt
12,1377,12,1377,487.167724609375,2,3214,1840,cf_1840,paraphrase_00,paraphrase_prompts,wrong_wrong,False,George Bodenheimer,P108,ESPN,ESPN,McLaren," the NFL, was the executive producer.

The song was released on iTunes on","the NFL, was the executive producer.",,"Salvo mixed the song. George Bodenheimer, who is employed by",{} is employed by,George Bodenheimer is employed by,0.0998,0.1996,0.0997,571,268,303,"P176:147, P178:95, P108:69, P19:64, P106:36","BMW Z4:2, Noriyuki Higashiyama:2, Windows Media Video:2, Sue Barker:2, Spencer Kelly:2",correct_vs_wrong,more_correct,test,google/gemma-3-4b-pt
12,1377,12,1377,465.06689453125,3,1653,3294,cf_3294,paraphrase_01,paraphrase_prompts,correct_wrong,True,Holly Rowe,P108,ESPN,ESPN,NBC," the University of Utah, is a sports reporter for ESPN. The 20","the University of Utah, is a sports reporter for ESPN. The 20",,"His real interests, however, already lay with ornithology. Holly Rowe, who works for","{}, of","Holly Rowe, of",0.0998,0.1996,0.0997,571,268,303,"P176:147, P178:95, P108:69, P19:64, P106:36","BMW Z4:2, Noriyuki Higashiyama:2, Windows Media Video:2, Sue Barker:2, Spencer Kelly:2",correct_vs_wrong,more_correct,test,google/gemma-3-4b-pt
12,1377,12,1377,463.9340515136719,4,3288,1282,cf_1282,paraphrase_00,paraphrase_prompts,correct_correct,True,Huw Edwards,P108,BBC,BBC,McLaren, the BBC. She is the first woman to hold the position. She is the,the BBC. She is the first woman to hold the position. She is the,,"She took office in January, 2014. Huw Edwards works for","{}, who works for","Huw Edwards, who works for",0.0998,0.1996,0.0997,571,268,303,"P176:147, P178:95, P108:69, P19:64, P106:36","BMW Z4:2, Noriyuki Higashiyama:2, Windows Media Video:2, Sue Barker:2, Spencer Kelly:2",correct_vs_wrong,more_correct,test,google/gemma-3-4b-pt
12,1377,12,1377,457.0851135253906,5,2513,13379,cf_13379,paraphrase_01,paraphrase_prompts,correct_wrong,False,Honda Center,P127,Anaheim,Anaheim,Yahoo, Henry Samueli said the team will be able to play in the arena for the,Henry Samueli said the team will be able to play in the arena for the,,He soon made his debut with the Rookie-level Martinsville Phillies. Honda Center owner,"{}, by","Honda Center, by",0.0998,0.1996,0.0997,571,268,303,"P176:147, P178:95, P108:69, P19:64, P106:36","BMW Z4:2, Noriyuki Higashiyama:2, Windows Media Video:2, Sue Barker:2, Spencer Kelly:2",correct_vs_wrong,more_correct,test,google/gemma-3-4b-pt
12,1377,12,1377,456.6625061035156,6,3931,12680,cf_12680,paraphrase_01,paraphrase_prompts,correct_correct,True,Michael Grade,P108,BBC,BBC,Microsoft," the BBC to oversee the project.

The BBC has been criticised for its handling",the BBC to oversee the project.,BBC,It is expected to cost £38.7 million. Michael Grade is employed by,"{}, who is employed by","Michael Grade, who is employed by",0.0998,0.1996,0.0997,571,268,303,"P176:147, P178:95, P108:69, P19:64, P106:36","BMW Z4:2, Noriyuki Higashiyama:2, Windows Media Video:2, Sue Barker:2, Spencer Kelly:2",correct_vs_wrong,more_correct,test,google/gemma-3-4b-pt
12,1377,12,1377,454.0357666015625,7,2822,4263,cf_4263,paraphrase_00,paraphrase_prompts,correct_correct,True,Victoria Derbyshire,P108,BBC,BBC,IBM," the BBC, is a British journalist and broadcaster. She is the host of the","the BBC, is a British journalist and broadcaster. She is the host of the",,"She was named for Frank Bruce. Victoria Derbyshire, who works for","{}, of","Victoria Derbyshire, of",0.0998,0.1996,0.0997,571,268,303,"P176:147, P178:95, P108:69, P19:64, P106:36","BMW Z4:2, Noriyuki Higashiyama:2, Windows Media Video:2, Sue Barker:2, Spencer Kelly:2",correct_vs_wrong,more_correct,test,google/gemma-3-4b-pt
12,1377,12,1377,449.7604370117188,8,2485,7661,cf_7661,paraphrase_01,paraphrase_prompts,correct_correct,True,Google Web Toolkit,P178,Google,Google,Intel," Google, is a framework for building web applications using Java.

The first is","Google, is a framework for building web applications using Java.",,"Shimmering effects create an airy environment"". Google Web Toolkit, created by","{}, developed by","Google Web Toolkit, developed by",0.0998,0.1996,0.0997,571,268,303,"P176:147, P178:95, P108:69, P19:64, P106:36","BMW Z4:2, Noriyuki Higashiyama:2, Windows Media Video:2, Sue Barker:2, Spencer Kelly:2",correct_vs_wrong,more_correct,test,google/gemma-3-4b-pt
12,1377,12,1377,423.8948059082031,9,732,9810,cf_9810,paraphrase_00,paraphrase_prompts,correct_correct,True,Windows Mobile 6.5,P178,Microsoft,Microsoft,Apple," Microsoft, is the operating system used by the Nokia N95. The Nokia","Microsoft, is the operating system used by the Nokia N95. The Nokia",,"The former fire station is a Grade II listed building. Windows Mobile 6.5, a product developed by",{} was developed by,Windows Mobile 6.5 was developed by,0.0998,0.1996,0.0997,571,268,303,"P176:147, P178:95, P108:69, P19:64, P106:36","BMW Z4:2, Noriyuki Higashiyama:2, Windows Media Video:2, Sue Barker:2, Spencer Kelly:2",correct_vs_wrong,more_correct,test,google/gemma-3-4b-pt
12,1377,12,1377,422.8962707519531,10,2662,517,cf_517,paraphrase_00,paraphrase_prompts,correct_correct,True,iBooks Author,P178,Apple,Apple,Adobe, Apple Inc. and is a free application for the Mac OS X operating system.,Apple Inc. and is a free application for the Mac OS X operating system.,Apple,The street has since been renamed State Street. iBooks Author was developed by,"{}, a product manufactured by","iBooks Author, a product manufactured by",0.0998,0.1996,0.0997,571,268,303,"P176:147, P178:95, P108:69, P19:64, P106:36","BMW Z4:2, Noriyuki Higashiyama:2, Windows Media Video:2, Sue Barker:2, Spencer Kelly:2",correct_vs_wrong,more_correct,test,google/gemma-3-4b-pt
15,2034,15,2034,910.9161987304688,1,3720,5737,cf_5737,paraphrase_00,paraphrase_prompts,correct_correct,True,Ferrari 125 S,P176,Ferrari,Ferrari,Toyota," the Ferrari 125 S, is a 125cc motorcycle","the Ferrari 125 S, is a 125cc motorcycle",Ferrari,"The brewery self-distributes in Cincinnati and Columbus, Ohio. Ferrari 125 S, created by","{}, produced by","Ferrari 125 S, produced by",0.1296,0.1668,0.0372,337,224,113,"P176:166, P178:109, P127:24, P138:16, P108:16","Google Patents:2, Google Web Toolkit:2, Toyota HiAce:2, Chevrolet Caprice:2, IBM 704:2",correct_vs_wrong,more_correct,test,google/gemma-3-4b-pt
15,2034,15,2034,907.4910278320312,2,4007,18076,cf_18076,paraphrase_01,paraphrase_prompts,wrong_wrong,False,Alfa Romeo 75,P176,Fiat,Fiat,Ferrari, the designer Giorgetto Giugiaro. Stuttgart: Motorbuch Verlag. ISBN ,the designer Giorgetto Giugiaro. Stuttgart: Motorbuch Verlag. ISBN,,"Further reading
Hofmann, Annette R. (2004). Alfa Romeo 75, created by",{} is produced by,Alfa Romeo 75 is produced by,0.1296,0.1668,0.0372,337,224,113,"P176:166, P178:109, P127:24, P138:16, P108:16","Google Patents:2, Google Web Toolkit:2, Toyota HiAce:2, Chevrolet Caprice:2, IBM 704:2",correct_vs_wrong,more_correct,test,google/gemma-3-4b-pt
15,2034,15,2034,862.8438720703125,3,331,18,cf_18,paraphrase_01,paraphrase_prompts,correct_correct,True,Porsche 911,P176,Porsche,Porsche,Honda," the Porsche Design Studio.
 Monte Sobretta in the Porsche 911",the Porsche Design Studio.,Porsche,"References

External links 
 Monte Sobretta in Mountains for Everybody. Porsche 911, developed by","{}, created by","Porsche 911, created by",0.1296,0.1668,0.0372,337,224,113,"P176:166, P178:109, P127:24, P138:16, P108:16","Google Patents:2, Google Web Toolkit:2, Toyota HiAce:2, Chevrolet Caprice:2, IBM 704:2",correct_vs_wrong,more_correct,test,google/gemma-3-4b-pt
15,2034,15,2034,851.0120849609375,4,3117,2577,cf_2577,paraphrase_01,paraphrase_prompts,correct_correct,True,Honda Civic Type R,P176,Honda,Honda,Microsoft," Honda. Retrieved 2013-01-15.
",Honda. Retrieved 2013-01-15.,Honda,"See also
 Gracie Barra

References
 Gracie Barra Orlando. Honda Civic Type R, created by",{} is created by,Honda Civic Type R is created by,0.1296,0.1668,0.0372,337,224,113,"P176:166, P178:109, P127:24, P138:16, P108:16","Google Patents:2, Google Web Toolkit:2, Toyota HiAce:2, Chevrolet Caprice:2, IBM 704:2",correct_vs_wrong,more_correct,test,google/gemma-3-4b-pt
15,2034,15,2034,842.2723388671875,5,2525,16142,cf_16142,paraphrase_01,paraphrase_prompts,correct_wrong,False,McLaren MP4-20,P176,McLaren,McLaren,Nissan," Adrian Newey, was the first car to use the new regulations. The McLaren","Adrian Newey, was the first car to use the new regulations. The McLaren",,"Design and analysis of experiments, 3rd ed. McLaren MP4-20, created by",{} is created by,McLaren MP4-20 is created by,0.1296,0.1668,0.0372,337,224,113,"P176:166, P178:109, P127:24, P138:16, P108:16","Google Patents:2, Google Web Toolkit:2, Toyota HiAce:2, Chevrolet Caprice:2, IBM 704:2",correct_vs_wrong,more_correct,test,google/gemma-3-4b-pt
15,2034,15,2034,839.6884765625,6,2018,3978,cf_3978,paraphrase_00,paraphrase_prompts,wrong_wrong,False,Lancia Thema,P176,Fiat,Fiat,Chevrolet," Pininfarina, is a car that has been designed to be a symbol of","Pininfarina, is a car that has been designed to be a symbol of",,"The voice cries ""O Lionel! Lancia Thema, created by",{} is a product of,Lancia Thema is a product of,0.1296,0.1668,0.0372,337,224,113,"P176:166, P178:109, P127:24, P138:16, P108:16","Google Patents:2, Google Web Toolkit:2, Toyota HiAce:2, Chevrolet Caprice:2, IBM 704:2",correct_vs_wrong,more_correct,test,google/gemma-3-4b-pt
15,2034,15,2034,827.8672485351562,7,9,8024,cf_8024,paraphrase_01,paraphrase_prompts,correct_correct,True,Google Patents,P178,Google,Google,Microsoft, Google as a free search engine for academic and patent literature. It is a great,Google as a free search engine for academic and patent literature. It is a great,Google,D-5541. Google Patents is created by,"{}, a product developed by","Google Patents, a product developed by",0.1296,0.1668,0.0372,337,224,113,"P176:166, P178:109, P127:24, P138:16, P108:16","Google Patents:2, Google Web Toolkit:2, Toyota HiAce:2, Chevrolet Caprice:2, IBM 704:2",correct_vs_wrong,more_correct,test,google/gemma-3-4b-pt
15,2034,15,2034,810.3121948242188,8,1976,37,cf_37,paraphrase_00,paraphrase_prompts,correct_correct,True,Triumph TR8,P176,Triumph,Triumph,Boeing," R.E. Triumph TR8) – 3:10
 """,R.E. Triumph TR8) – 3:10,Triumph,"Broughton) – 3:46
 ""Dawn Crept Away"" (R.E. Triumph TR8, created by","{}, produced by","Triumph TR8, produced by",0.1296,0.1668,0.0372,337,224,113,"P176:166, P178:109, P127:24, P138:16, P108:16","Google Patents:2, Google Web Toolkit:2, Toyota HiAce:2, Chevrolet Caprice:2, IBM 704:2",correct_vs_wrong,more_correct,test,google/gemma-3-4b-pt
15,2034,15,2034,806.6942138671875,9,982,10819,cf_10819,paraphrase_00,paraphrase_prompts,correct_wrong,True,Lancia Ypsilon,P176,Fiat,Fiat,Chrysler," the Italian company Fiat, is a compact car with a 1.4-","the Italian company Fiat, is a compact car with a 1.4-",,"Optimality 
It is known that Grover's algorithm is optimal. Lancia Ypsilon, developed by",{} is created by,Lancia Ypsilon is created by,0.1296,0.1668,0.0372,337,224,113,"P176:166, P178:109, P127:24, P138:16, P108:16","Google Patents:2, Google Web Toolkit:2, Toyota HiAce:2, Chevrolet Caprice:2, IBM 704:2",correct_vs_wrong,more_correct,test,google/gemma-3-4b-pt
15,2034,15,2034,788.5764770507812,10,719,9912,cf_9912,paraphrase_01,paraphrase_prompts,correct_wrong,False,Bentley Continental,P176,Bentley,Bentley,Toyota," the designer of the car, the famous designer of the 1930","the designer of the car, the famous designer of the 1930",,Hümaşah leaves the capital forever. Bentley Continental is created by,{} is developed by,Bentley Continental is developed by,0.1296,0.1668,0.0372,337,224,113,"P176:166, P178:109, P127:24, P138:16, P108:16","Google Patents:2, Google Web Toolkit:2, Toyota HiAce:2, Chevrolet Caprice:2, IBM 704:2",correct_vs_wrong,more_correct,test,google/gemma-3-4b-pt
15,5485,15,5485,729.8216552734375,1,4104,19392,cf_19392,paraphrase_00,paraphrase_prompts,correct_wrong,False,HBO Now,P127,HBO,HBO,CBS," the way, is a great service.

I'm not sure if you","the way, is a great service.",,"Man, do not worry, no, laughing is good! HBO Now, by",{} is owned by,HBO Now is owned by,0.1213,0.1549,0.0336,310,208,102,"P176:155, P178:96, P108:28, P127:25, P264:5","Apple Maps:2, Renault Trafic:2, BMW 5 Series Gran Turismo:2, Infiniti Q45:2, Ferrari 575M Maranello:2",correct_vs_wrong,more_correct,test,google/gemma-3-4b-pt
15,5485,15,5485,700.5836181640625,2,3466,10140,cf_10140,paraphrase_00,paraphrase_prompts,wrong_wrong,False,Simca,P127,Fiat,Fiat,Toronto," the way, is a French car manufacturer.

The name is a combination of","the way, is a French car manufacturer.",,"Its meaning is ""person who brings kind news"". Simca, by",{} owner,Simca owner,0.1213,0.1549,0.0336,310,208,102,"P176:155, P178:96, P108:28, P127:25, P264:5","Apple Maps:2, Renault Trafic:2, BMW 5 Series Gran Turismo:2, Infiniti Q45:2, Ferrari 575M Maranello:2",correct_vs_wrong,more_correct,test,google/gemma-3-4b-pt
15,5485,15,5485,688.5999755859375,3,272,17338,cf_17338,paraphrase_00,paraphrase_prompts,correct_correct,True,Aloha Stadium,P127,Hawaii,Hawaii,BBC," the way, is the largest stadium in Hawaii.

The 199","the way, is the largest stadium in Hawaii.",Hawaii,"The large version was more popular than the smaller one. Aloha Stadium, by","{}, from","Aloha Stadium, from",0.1213,0.1549,0.0336,310,208,102,"P176:155, P178:96, P108:28, P127:25, P264:5","Apple Maps:2, Renault Trafic:2, BMW 5 Series Gran Turismo:2, Infiniti Q45:2, Ferrari 575M Maranello:2",correct_vs_wrong,more_correct,test,google/gemma-3-4b-pt
15,5485,15,5485,686.8388671875,4,2079,19640,cf_19640,paraphrase_01,paraphrase_prompts,correct_wrong,False,Google Trends,P127,Google,Google,Seoul," contrast, is a tool that allows you to see how often a particular search term","contrast, is a tool that allows you to see how often a particular search term",,"He was assassinated at the end of 192. Google Trends, by",{} is owned by,Google Trends is owned by,0.1213,0.1549,0.0336,310,208,102,"P176:155, P178:96, P108:28, P127:25, P264:5","Apple Maps:2, Renault Trafic:2, BMW 5 Series Gran Turismo:2, Infiniti Q45:2, Ferrari 575M Maranello:2",correct_vs_wrong,more_correct,test,google/gemma-3-4b-pt
15,5485,15,5485,686.0336303710938,5,2089,11137,cf_11137,paraphrase_01,paraphrase_prompts,wrong_wrong,False,BBC Persian Television,P127,BBC,BBC,Vancouver," contrast, has been broadcasting in Farsi since 1997. The","contrast, has been broadcasting in Farsi since 1997. The",,"Doctors thought that his condition could lead to his death. BBC Persian Television, by","{}, from","BBC Persian Television, from",0.1213,0.1549,0.0336,310,208,102,"P176:155, P178:96, P108:28, P127:25, P264:5","Apple Maps:2, Renault Trafic:2, BMW 5 Series Gran Turismo:2, Infiniti Q45:2, Ferrari 575M Maranello:2",correct_vs_wrong,more_correct,test,google/gemma-3-4b-pt
15,5485,15,5485,679.694091796875,6,2005,6670,cf_6670,paraphrase_01,paraphrase_prompts,wrong_wrong,False,Gordini,P127,Renault,Renault,Vancouver," the way, was a French racing driver who won the 1950","the way, was a French racing driver who won the 1950",,"Its taste did not recommend it. Gordini, by",{}'s owner,Gordini's owner,0.1213,0.1549,0.0336,310,208,102,"P176:155, P178:96, P108:28, P127:25, P264:5","Apple Maps:2, Renault Trafic:2, BMW 5 Series Gran Turismo:2, Infiniti Q45:2, Ferrari 575M Maranello:2",correct_vs_wrong,more_correct,test,google/gemma-3-4b-pt
15,5485,15,5485,644.3126220703125,7,3752,16888,cf_16888,paraphrase_00,paraphrase_prompts,wrong_wrong,False,Yahoo! Tech,P127,Yahoo,Yahoo,Pennsylvania," Piet Desmet.
Desmet, Piet (2000). Yahoo",Piet Desmet.,,"Walter de Gruyter. .
Desmet, Piet (2000). Yahoo! Tech, by",{} is owned by,Yahoo! Tech is owned by,0.1213,0.1549,0.0336,310,208,102,"P176:155, P178:96, P108:28, P127:25, P264:5","Apple Maps:2, Renault Trafic:2, BMW 5 Series Gran Turismo:2, Infiniti Q45:2, Ferrari 575M Maranello:2",correct_vs_wrong,more_correct,test,google/gemma-3-4b-pt
15,5485,15,5485,640.6329345703125,8,1787,2660,cf_2660,paraphrase_01,paraphrase_prompts,correct_wrong,False,Google Person Finder,P127,Google,Google,Finland," the International Federation of Red Cross and Red Crescent Societies, is a tool to help","the International Federation of Red Cross and Red Crescent Societies, is a tool to help",,"It is the northern extremity of Grand-Îlet Passage. Google Person Finder, by",{} is owned by,Google Person Finder is owned by,0.1213,0.1549,0.0336,310,208,102,"P176:155, P178:96, P108:28, P127:25, P264:5","Apple Maps:2, Renault Trafic:2, BMW 5 Series Gran Turismo:2, Infiniti Q45:2, Ferrari 575M Maranello:2",correct_vs_wrong,more_correct,test,google/gemma-3-4b-pt
15,5485,15,5485,640.3646240234375,9,1211,10476,cf_10476,paraphrase_01,paraphrase_prompts,correct_correct,True,Liberty Bowl Memorial Stadium,P127,Memphis,Memphis,BBC," the University of Memphis, is the home of the Tigers. The Memphis Tigers are","the University of Memphis, is the home of the Tigers. The Memphis Tigers are",,"Thubana seimaensis is a moth in the family Lecithoceridae. Liberty Bowl Memorial Stadium, by",{} is from,Liberty Bowl Memorial Stadium is from,0.1213,0.1549,0.0336,310,208,102,"P176:155, P178:96, P108:28, P127:25, P264:5","Apple Maps:2, Renault Trafic:2, BMW 5 Series Gran Turismo:2, Infiniti Q45:2, Ferrari 575M Maranello:2",correct_vs_wrong,more_correct,test,google/gemma-3-4b-pt
15,5485,15,5485,633.2532958984375,10,1631,3917,cf_3917,paraphrase_01,paraphrase_prompts,correct_wrong,False,Sky Cinema,P127,Sky,Sky,Google," contrast, is a subscription service that costs £10.99 a month","contrast, is a subscription service that costs £10.99 a month",,"Slifkin noted, however, that nothing was resolved. Sky Cinema, by",{}'s owner,Sky Cinema's owner,0.1213,0.1549,0.0336,310,208,102,"P176:155, P178:96, P108:28, P127:25, P264:5","Apple Maps:2, Renault Trafic:2, BMW 5 Series Gran Turismo:2, Infiniti Q45:2, Ferrari 575M Maranello:2",correct_vs_wrong,more_correct,test,google/gemma-3-4b-pt
15,7143,15,7143,602.34765625,1,338,638,cf_638,paraphrase_00,paraphrase_prompts,correct_correct,True,La Gomera,P37,Spanish,Spanish,French," Spanish, but the local language is a variant of the Canary Islands Spanish. The","Spanish, but the local language is a variant of the Canary Islands Spanish. The",,"Gallery

References

Category:Cities and towns in Warmian-Masurian Voivodeship
Category:Pisz County The official language of La Gomera is","In {}, an official language is","In La Gomera, an official language is",0.1085,0.1951,0.0865,525,262,263,"P37:145, P103:135, P364:125, P1412:62, P407:33","World Health Organization:3, Allegro Non Troppo:2, Alabama:2, Louis-Paul Aujoulat:2, Il giuramento:2",correct_vs_wrong,more_correct,test,google/gemma-3-4b-pt
15,7143,15,7143,599.9852294921875,2,691,3276,cf_3276,paraphrase_01,paraphrase_prompts,correct_wrong,True,Collonge-Bellerive,P37,French,French,English, French. The official language of Collonge-Bellerive is French. The,French. The official language of Collonge-Bellerive is French. The,French,"In 1987, when President Corazon Aquino issued Executive Order No. The official language of Collonge-Bellerive is","In {}, the language spoken is","In Collonge-Bellerive, the language spoken is",0.1085,0.1951,0.0865,525,262,263,"P37:145, P103:135, P364:125, P1412:62, P407:33","World Health Organization:3, Allegro Non Troppo:2, Alabama:2, Louis-Paul Aujoulat:2, Il giuramento:2",correct_vs_wrong,more_correct,test,google/gemma-3-4b-pt
15,7143,15,7143,569.9908447265625,3,1566,18192,cf_18192,paraphrase_00,paraphrase_prompts,wrong_wrong,False,Gato Fedorento,P364,Portuguese,Portuguese,English," a dialect of Spanish.

The area is known for its production of milk and",a dialect of Spanish.,,The area leads the country in production of milk . The language of Gato Fedorento is,The original language of {} was,The original language of Gato Fedorento was,0.1085,0.1951,0.0865,525,262,263,"P37:145, P103:135, P364:125, P1412:62, P407:33","World Health Organization:3, Allegro Non Troppo:2, Alabama:2, Louis-Paul Aujoulat:2, Il giuramento:2",correct_vs_wrong,more_correct,test,google/gemma-3-4b-pt
15,7143,15,7143,562.3048706054688,4,2704,17086,cf_17086,paraphrase_00,paraphrase_prompts,correct_correct,True,Formentera,P37,Catalan,Catalan,Finnish, Catalan. The TCP Westwood+ version is implemented in the Linux kernel. The official,Catalan. The TCP Westwood+ version is implemented in the Linux kernel. The official,Catalan,The TCP Westwood+ version is implemented in the Linux kernel. The official language of Formentera is,"In {}, the language spoken is","In Formentera, the language spoken is",0.1085,0.1951,0.0865,525,262,263,"P37:145, P103:135, P364:125, P1412:62, P407:33","World Health Organization:3, Allegro Non Troppo:2, Alabama:2, Louis-Paul Aujoulat:2, Il giuramento:2",correct_vs_wrong,more_correct,test,google/gemma-3-4b-pt
15,7143,15,7143,560.9679565429688,5,512,4593,cf_4593,paraphrase_00,paraphrase_prompts,correct_correct,True,Kalajoki,P37,Finnish,Finnish,Chinese," Finnish. The Finnish language is a Finno-Ugric language, which is","Finnish. The Finnish language is a Finno-Ugric language, which is",Finnish,"& Allen, D., ""Heintz, Fred"", pp.262-263 in Main, J. In Kalajoki, the language spoken is",The official language of {} is,The official language of Kalajoki is,0.1085,0.1951,0.0865,525,262,263,"P37:145, P103:135, P364:125, P1412:62, P407:33","World Health Organization:3, Allegro Non Troppo:2, Alabama:2, Louis-Paul Aujoulat:2, Il giuramento:2",correct_vs_wrong,more_correct,test,google/gemma-3-4b-pt
15,7143,15,7143,559.5992431640625,6,1754,14762,cf_14762,paraphrase_00,paraphrase_prompts,wrong_wrong,False,Tonga,P37,English,English,French," Tongan, a Polynesian language. The Tongan language is a member of the","Tongan, a Polynesian language. The Tongan language is a member of the",,"Sharpe, 1998. The official language of Tonga is","In {}, they understand","In Tonga, they understand",0.1085,0.1951,0.0865,525,262,263,"P37:145, P103:135, P364:125, P1412:62, P407:33","World Health Organization:3, Allegro Non Troppo:2, Alabama:2, Louis-Paul Aujoulat:2, Il giuramento:2",correct_vs_wrong,more_correct,test,google/gemma-3-4b-pt
15,7143,15,7143,555.509521484375,7,195,2168,cf_2168,paraphrase_01,paraphrase_prompts,correct_wrong,True,American Samoa,P37,English,English,Swedish, English. The official language of American Samoa is English. The official language of American,English. The official language of American Samoa is English. The official language of American,English,Dellacqua fought hard but went down in two sets. The official language of American Samoa is,"In {}, the language spoken is","In American Samoa, the language spoken is",0.1085,0.1951,0.0865,525,262,263,"P37:145, P103:135, P364:125, P1412:62, P407:33","World Health Organization:3, Allegro Non Troppo:2, Alabama:2, Louis-Paul Aujoulat:2, Il giuramento:2",correct_vs_wrong,more_correct,test,google/gemma-3-4b-pt
15,7143,15,7143,555.1361694335938,8,716,17800,cf_17800,paraphrase_00,paraphrase_prompts,wrong_wrong,False,Porvoo,P37,Swedish,Swedish,Russian," Finnish. The city is located in the southern part of Finland, in the region","Finnish. The city is located in the southern part of Finland, in the region",,He sent Fronto a letter apologizing for his silence. The official language of Porvoo is,"In {}, they understand","In Porvoo, they understand",0.1085,0.1951,0.0865,525,262,263,"P37:145, P103:135, P364:125, P1412:62, P407:33","World Health Organization:3, Allegro Non Troppo:2, Alabama:2, Louis-Paul Aujoulat:2, Il giuramento:2",correct_vs_wrong,more_correct,test,google/gemma-3-4b-pt
15,7143,15,7143,554.6851806640625,9,2075,12569,cf_12569,paraphrase_01,paraphrase_prompts,correct_correct,True,Newfoundland and Labrador,P37,English,English,French, English. The official language of the province is English. The official language of the,English. The official language of the province is English. The official language of the,English,"Mixed Martial Arts 

 Mixed martial arts is legalised in Bahrain. The official language of Newfoundland and Labrador is","In {}, they understand","In Newfoundland and Labrador, they understand",0.1085,0.1951,0.0865,525,262,263,"P37:145, P103:135, P364:125, P1412:62, P407:33","World Health Organization:3, Allegro Non Troppo:2, Alabama:2, Louis-Paul Aujoulat:2, Il giuramento:2",correct_vs_wrong,more_correct,test,google/gemma-3-4b-pt
15,7143,15,7143,553.8431396484375,10,3513,9340,cf_9340,paraphrase_01,paraphrase_prompts,correct_wrong,False,Maaninka,P37,Finnish,Finnish,English, Maaninka. The Maaninka language is spoken by the Maaninka,Maaninka. The Maaninka language is spoken by the Maaninka,,It has a large head and bill. The official language of Maaninka is,"In {}, the language spoken is","In Maaninka, the language spoken is",0.1085,0.1951,0.0865,525,262,263,"P37:145, P103:135, P364:125, P1412:62, P407:33","World Health Organization:3, Allegro Non Troppo:2, Alabama:2, Louis-Paul Aujoulat:2, Il giuramento:2",correct_vs_wrong,more_correct,test,google/gemma-3-4b-pt
15,319,15,319,1838.6005859375,1,3411,2528,cf_2528,paraphrase_01,paraphrase_prompts,wrong_wrong,False,John Cuthbert Hedley,P39,bishop,bishop,cardinal," Chairman of the Board at Hedley & Co. Ltd.

He is also",Chairman of the Board at Hedley & Co. Ltd.,,He is a recipient of several ASCAP awards. John Cuthbert Hedley holds the position of,{} has the position of,John Cuthbert Hedley has the position of,0.1051,0.2308,0.1257,692,310,382,"P176:75, P17:70, P159:65, P413:61, P276:45","Honda CR-V:2, Nokia Lumia 1020:2, North Middlesex, Ontario:2, Vicente Grau Juan:2, Merisant:2",correct_vs_wrong,more_correct,test,google/gemma-3-4b-pt
15,319,15,319,1733.8646240234375,2,4153,21034,cf_21034,paraphrase_01,paraphrase_prompts,wrong_wrong,False,Christian Ude,P39,mayor,mayor,pope," Chief Executive Officer & Director at Eko Electricity Distribution Company Ltd.

---

",Chief Executive Officer & Director at Eko Electricity Distribution Company Ltd.,,"For every 100 females, there were 90.7 males. Christian Ude holds the position of",{} is a,Christian Ude is a,0.1051,0.2308,0.1257,692,310,382,"P176:75, P17:70, P159:65, P413:61, P276:45","Honda CR-V:2, Nokia Lumia 1020:2, North Middlesex, Ontario:2, Vicente Grau Juan:2, Merisant:2",correct_vs_wrong,more_correct,test,google/gemma-3-4b-pt
15,319,15,319,1709.64501953125,3,3434,5316,cf_5316,paraphrase_00,paraphrase_prompts,wrong_wrong,False,Samuel Ruiz,P39,bishop,bishop,cardinal," Chairman at Grupo Financiero Banorte, S.A.B. de C","Chairman at Grupo Financiero Banorte, S.A.B. de C",,He lost the election by 643 votes to 296. Samuel Ruiz holds the position of,{} has the position of,Samuel Ruiz has the position of,0.1051,0.2308,0.1257,692,310,382,"P176:75, P17:70, P159:65, P413:61, P276:45","Honda CR-V:2, Nokia Lumia 1020:2, North Middlesex, Ontario:2, Vicente Grau Juan:2, Merisant:2",correct_vs_wrong,more_correct,test,google/gemma-3-4b-pt
15,319,15,319,1658.7838134765625,4,4198,4014,cf_4014,paraphrase_00,paraphrase_prompts,correct_correct,True,Beykent University,P159,Istanbul,Istanbul,Warsaw, Istanbul. The address of the Shine One [Original Edit] - feat. Bey,Istanbul. The address of the Shine One [Original Edit] - feat. Bey,Istanbul,"Lila Liu
 Shine One [Original Edit] - feat. Beykent University is headquartered in",{}'s headquarters are in,Beykent University's headquarters are in,0.1051,0.2308,0.1257,692,310,382,"P176:75, P17:70, P159:65, P413:61, P276:45","Honda CR-V:2, Nokia Lumia 1020:2, North Middlesex, Ontario:2, Vicente Grau Juan:2, Merisant:2",correct_vs_wrong,more_correct,test,google/gemma-3-4b-pt
15,319,15,319,1586.3692626953125,5,3144,11448,cf_11448,paraphrase_00,paraphrase_prompts,wrong_wrong,False,Francesco Parravicini,P413,midfielder,midfielder,linebacker," Goalkeeper. The average salary for a Goalkeeper is $14,1","Goalkeeper. The average salary for a Goalkeeper is $14,1",,"The per capita income for the unorganized territory was $14,180. Francesco Parravicini plays in the position of",Which position does {} play? They play as,Which position does Francesco Parravicini play? They play as,0.1051,0.2308,0.1257,692,310,382,"P176:75, P17:70, P159:65, P413:61, P276:45","Honda CR-V:2, Nokia Lumia 1020:2, North Middlesex, Ontario:2, Vicente Grau Juan:2, Merisant:2",correct_vs_wrong,more_correct,test,google/gemma-3-4b-pt
15,319,15,319,1566.1278076171875,6,3268,15585,cf_15585,paraphrase_00,paraphrase_prompts,correct_correct,True,Marques Tuiasosopo,P413,quarterback,quarterback,pitcher, Quarterback for the University of Washington Huskies. The bridge's WGCB,Quarterback for the University of Washington Huskies. The bridge's WGCB,quarterback,The bridge's WGCB Number is 38-36-28. Marques Tuiasosopo plays in the position of,Which position does {} play? They play as,Which position does Marques Tuiasosopo play? They play as,0.1051,0.2308,0.1257,692,310,382,"P176:75, P17:70, P159:65, P413:61, P276:45","Honda CR-V:2, Nokia Lumia 1020:2, North Middlesex, Ontario:2, Vicente Grau Juan:2, Merisant:2",correct_vs_wrong,more_correct,test,google/gemma-3-4b-pt
15,319,15,319,1539.0985107421875,7,2542,17701,cf_17701,paraphrase_00,paraphrase_prompts,wrong_wrong,False,Ed Austin,P39,mayor,mayor,bishop," President of the Board of Directors of the Austin Language Center.

The Austin Language",President of the Board of Directors of the Austin Language Center.,,Mayan Languages Collection of Larry Grimes. Ed Austin holds the position of,{}'s position is,Ed Austin's position is,0.1051,0.2308,0.1257,692,310,382,"P176:75, P17:70, P159:65, P413:61, P276:45","Honda CR-V:2, Nokia Lumia 1020:2, North Middlesex, Ontario:2, Vicente Grau Juan:2, Merisant:2",correct_vs_wrong,more_correct,test,google/gemma-3-4b-pt
15,319,15,319,1501.4451904296875,8,1188,17081,cf_17081,paraphrase_00,paraphrase_prompts,correct_correct,True,Frank Lampard,P413,midfielder,midfielder,quarterback, Midfielder and his preferred foot is Right. Frank Lampard is 42 years,Midfielder and his preferred foot is Right. Frank Lampard is 42 years,midfielder,His finding was soon confirmed algebraically by Tharmalingam and Lidiard. Frank Lampard plays in the position of,"{}, the","Frank Lampard, the",0.1051,0.2308,0.1257,692,310,382,"P176:75, P17:70, P159:65, P413:61, P276:45","Honda CR-V:2, Nokia Lumia 1020:2, North Middlesex, Ontario:2, Vicente Grau Juan:2, Merisant:2",correct_vs_wrong,more_correct,test,google/gemma-3-4b-pt
15,319,15,319,1479.4295654296875,9,2503,2071,cf_2071,paraphrase_01,paraphrase_prompts,wrong_wrong,False,Marcus Marek,P413,linebacker,linebacker,midfielder," Goalkeeper.
Marcus Marek is 23 years old (20/",Goalkeeper.,,"players
Category:Guiseley A.F.C. Marcus Marek plays in the position of","{}, the","Marcus Marek, the",0.1051,0.2308,0.1257,692,310,382,"P176:75, P17:70, P159:65, P413:61, P276:45","Honda CR-V:2, Nokia Lumia 1020:2, North Middlesex, Ontario:2, Vicente Grau Juan:2, Merisant:2",correct_vs_wrong,more_correct,test,google/gemma-3-4b-pt
15,319,15,319,1430.11279296875,10,452,17669,cf_17669,paraphrase_00,paraphrase_prompts,wrong_wrong,False,Walter Johnson,P413,pitcher,pitcher,midfielder," a Center. He was born on May 20, 199","a Center. He was born on May 20, 199",,محمدیان، کوخری، محمد ، “ (به یاد کوخرد) “، ج1. Walter Johnson plays in the position of,Which position does {} play? They play as,Which position does Walter Johnson play? They play as,0.1051,0.2308,0.1257,692,310,382,"P176:75, P17:70, P159:65, P413:61, P276:45","Honda CR-V:2, Nokia Lumia 1020:2, North Middlesex, Ontario:2, Vicente Grau Juan:2, Merisant:2",correct_vs_wrong,more_correct,test,google/gemma-3-4b-pt
15,1468,15,1468,619.387451171875,1,3394,5906,cf_5906,paraphrase_00,paraphrase_prompts,wrong_wrong,False,World Health Organization,P37,French,French,Spanish, English. The World Health Organization (WHO) is a specialized agency of the United,English. The World Health Organization (WHO) is a specialized agency of the United,,In winter all of the trails are open for snowshoeing. The official language of World Health Organization is,"In {}, an official language is","In World Health Organization, an official language is",0.1016,0.2264,0.1247,683,304,379,"P37:110, P364:94, P101:77, P159:68, P103:62","World Health Organization:3, Flemish Primitives:2, Rosbank:2, Porvoo:2, Basel-Landschaft:2",correct_vs_wrong,more_correct,test,google/gemma-3-4b-pt
15,1468,15,1468,615.1956787109375,2,3154,4798,cf_4798,paraphrase_00,paraphrase_prompts,correct_wrong,True,Sovereign Military Order of Malta,P37,Latin,Latin,Russian," Latin. The Order of Malta is a sovereign, independent, and international non-","Latin. The Order of Malta is a sovereign, independent, and international non-",Latin,East Zorra Mennonite Cemetery - 677044 16th Line. The official language of Sovereign Military Order of Malta is,"In {}, the language spoken is","In Sovereign Military Order of Malta, the language spoken is",0.1016,0.2264,0.1247,683,304,379,"P37:110, P364:94, P101:77, P159:68, P103:62","World Health Organization:3, Flemish Primitives:2, Rosbank:2, Porvoo:2, Basel-Landschaft:2",correct_vs_wrong,more_correct,test,google/gemma-3-4b-pt
15,1468,15,1468,611.19580078125,3,2469,14902,cf_14902,paraphrase_01,paraphrase_prompts,wrong_wrong,False,World Health Organization,P37,Russian,Russian,Finnish," English.

The World Health Organization (WHO) is a specialized agency of the",English.,,"References

Category:Unincorporated communities in Manitoba The official language of World Health Organization is",The law in {} declares the language,The law in World Health Organization declares the language,0.1016,0.2264,0.1247,683,304,379,"P37:110, P364:94, P101:77, P159:68, P103:62","World Health Organization:3, Flemish Primitives:2, Rosbank:2, Porvoo:2, Basel-Landschaft:2",correct_vs_wrong,more_correct,test,google/gemma-3-4b-pt
15,1468,15,1468,593.383056640625,4,2389,20586,cf_20586,paraphrase_01,paraphrase_prompts,correct_wrong,True,Balthasar Bekker,P103,Dutch,Dutch,French, the language of the Dutch Reformed Church. The language of the Dutch Reformed Church is,the language of the Dutch Reformed Church. The language of the Dutch Reformed Church is,Dutch,"Troubleshooting the Troubleshooting Course, Or, Debug D'Bugs. The native language of Balthasar Bekker is",{} is a native speaker of,Balthasar Bekker is a native speaker of,0.1016,0.2264,0.1247,683,304,379,"P37:110, P364:94, P101:77, P159:68, P103:62","World Health Organization:3, Flemish Primitives:2, Rosbank:2, Porvoo:2, Basel-Landschaft:2",correct_vs_wrong,more_correct,test,google/gemma-3-4b-pt
15,1468,15,1468,589.8395385742188,5,1508,8044,cf_8044,paraphrase_00,paraphrase_prompts,correct_wrong,True,Pierre-Alexandre-Laurent Forfait,P103,French,French,Hebrew," French. The first is the 1990s, when the first","French. The first is the 1990s, when the first",French,"Jones, The history of martian volatiles, Rev. The mother tongue of Pierre-Alexandre-Laurent Forfait is",{} is a native speaker of,Pierre-Alexandre-Laurent Forfait is a native speaker of,0.1016,0.2264,0.1247,683,304,379,"P37:110, P364:94, P101:77, P159:68, P103:62","World Health Organization:3, Flemish Primitives:2, Rosbank:2, Porvoo:2, Basel-Landschaft:2",correct_vs_wrong,more_correct,test,google/gemma-3-4b-pt
15,1468,15,1468,585.4495239257812,6,2204,17485,cf_17485,paraphrase_00,paraphrase_prompts,correct_wrong,False,Louis-Paul Aujoulat,P103,French,French,Dutch, the Occitan language. He is a member of the Occitan Academy. He,the Occitan language. He is a member of the Occitan Academy. He,,By the blood. The native language of Louis-Paul Aujoulat is,{} is a native speaker of,Louis-Paul Aujoulat is a native speaker of,0.1016,0.2264,0.1247,683,304,379,"P37:110, P364:94, P101:77, P159:68, P103:62","World Health Organization:3, Flemish Primitives:2, Rosbank:2, Porvoo:2, Basel-Landschaft:2",correct_vs_wrong,more_correct,test,google/gemma-3-4b-pt
15,1468,15,1468,582.819580078125,7,2490,20301,cf_20301,paraphrase_00,paraphrase_prompts,correct_correct,True,Mad TV,P364,English,English,Tamil," English, but the show is subtitled in many languages. The show is also","English, but the show is subtitled in many languages. The show is also",,"References

Category:Nyssodrysternum
Category:Beetles described in 2011 The original language of Mad TV is",The language of {} was,The language of Mad TV was,0.1016,0.2264,0.1247,683,304,379,"P37:110, P364:94, P101:77, P159:68, P103:62","World Health Organization:3, Flemish Primitives:2, Rosbank:2, Porvoo:2, Basel-Landschaft:2",correct_vs_wrong,more_correct,test,google/gemma-3-4b-pt
15,1468,15,1468,576.9058837890625,8,2449,7392,cf_7392,paraphrase_01,paraphrase_prompts,wrong_wrong,False,Gil J Wolman,P103,French,French,Russian," English. He is a writer, director, and producer. He is a graduate","English. He is a writer, director, and producer. He is a graduate",,T.M. The mother tongue of Gil J Wolman is,"{}, a native","Gil J Wolman, a native",0.1016,0.2264,0.1247,683,304,379,"P37:110, P364:94, P101:77, P159:68, P103:62","World Health Organization:3, Flemish Primitives:2, Rosbank:2, Porvoo:2, Basel-Landschaft:2",correct_vs_wrong,more_correct,test,google/gemma-3-4b-pt
15,1468,15,1468,572.7354125976562,9,3619,14978,cf_14978,paraphrase_01,paraphrase_prompts,correct_correct,True,Les Bois,P37,French,French,German," French. The Bois is a small town in the north of France, in the","French. The Bois is a small town in the north of France, in the",French,Intersections in the Philosophy of Mathematics of A.N. The official language of Les Bois is,The law in {} declares the language,The law in Les Bois declares the language,0.1016,0.2264,0.1247,683,304,379,"P37:110, P364:94, P101:77, P159:68, P103:62","World Health Organization:3, Flemish Primitives:2, Rosbank:2, Porvoo:2, Basel-Landschaft:2",correct_vs_wrong,more_correct,test,google/gemma-3-4b-pt
15,1468,15,1468,565.4749755859375,10,1227,7010,cf_7010,paraphrase_01,paraphrase_prompts,wrong_wrong,False,Alberto Giacometti,P103,Italian,Italian,French," French, but he was born in Switzerland. The first vineyards were planted in ","French, but he was born in Switzerland. The first vineyards were planted in",,"All follow dry riverbeds, which provide appropriate soils for viticulture. The mother tongue of Alberto Giacometti is","{}, a native","Alberto Giacometti, a native",0.1016,0.2264,0.1247,683,304,379,"P37:110, P364:94, P101:77, P159:68, P103:62","World Health Organization:3, Flemish Primitives:2, Rosbank:2, Porvoo:2, Basel-Landschaft:2",correct_vs_wrong,more_correct,test,google/gemma-3-4b-pt
18,456,18,456,3289.898193359375,1,2122,17807,cf_17807,paraphrase_00,paraphrase_prompts,correct_wrong,True,Front Mission 3,P178,Square,Square,Google, Square Enix and is a sequel to Front Mission 2. The game is set,Square Enix and is a sequel to Front Mission 2. The game is set,Square,Marcus Carl Franklin as Woody. Front Mission 3 is created by,{} is a product of,Front Mission 3 is a product of,0.2869,0.5607,0.2738,1585,753,832,"P176:172, P27:134, P159:132, P449:118, P178:114","Mexico City:3, Jakarta:3, Tirana:3, Manila:3, Afghanistan:3",correct_vs_wrong,more_correct,test,google/gemma-3-4b-pt
18,456,18,456,3169.58837890625,2,2028,5189,cf_5189,paraphrase_00,paraphrase_prompts,correct_correct,True,Adobe Premiere Elements,P178,Adobe,Adobe,Google," Adobe Systems and is a video editing software.

The Ravens waived Bilukidi",Adobe Systems and is a video editing software.,Adobe,"Bilukidi was waived by the Ravens on October 10, 2015. Adobe Premiere Elements was developed by","{}, a product of","Adobe Premiere Elements, a product of",0.2869,0.5607,0.2738,1585,753,832,"P176:172, P27:134, P159:132, P449:118, P178:114","Mexico City:3, Jakarta:3, Tirana:3, Manila:3, Afghanistan:3",correct_vs_wrong,more_correct,test,google/gemma-3-4b-pt
18,456,18,456,3025.3720703125,3,1698,14433,cf_14433,paraphrase_00,paraphrase_prompts,correct_correct,True,HDCAM,P127,Sony,Sony,Germany, Sony and is the successor to the Betacam format. The player is a ,Sony and is the successor to the Betacam format. The player is a,Sony,"Should a player fail the song, the other player wins. HDCAM is owned by",{} owner,HDCAM owner,0.2869,0.5607,0.2738,1585,753,832,"P176:172, P27:134, P159:132, P449:118, P178:114","Mexico City:3, Jakarta:3, Tirana:3, Manila:3, Afghanistan:3",correct_vs_wrong,more_correct,test,google/gemma-3-4b-pt
18,456,18,456,2986.630615234375,4,2029,5189,cf_5189,paraphrase_01,paraphrase_prompts,correct_correct,True,Adobe Premiere Elements,P178,Adobe,Adobe,Google, Adobe Systems Incorporated. The tsunami swept away most structures on the island. Adobe Premiere,Adobe Systems Incorporated. The tsunami swept away most structures on the island. Adobe Premiere,Adobe,The tsunami swept away most structures on the island. Adobe Premiere Elements is developed by,"{}, a product of","Adobe Premiere Elements, a product of",0.2869,0.5607,0.2738,1585,753,832,"P176:172, P27:134, P159:132, P449:118, P178:114","Mexico City:3, Jakarta:3, Tirana:3, Manila:3, Afghanistan:3",correct_vs_wrong,more_correct,test,google/gemma-3-4b-pt
18,456,18,456,2978.55126953125,5,3991,16670,cf_16670,paraphrase_01,paraphrase_prompts,wrong_wrong,False,QuickDraw,P178,Apple,Apple,Sony," the company QuickDraw, are all examples of the same thing.

The correct","the company QuickDraw, are all examples of the same thing.",,"Javon Leake, Jake Funk, Max Bortenschlager, and D.J. QuickDraw, a product manufactured by",{} is a product of,QuickDraw is a product of,0.2869,0.5607,0.2738,1585,753,832,"P176:172, P27:134, P159:132, P449:118, P178:114","Mexico City:3, Jakarta:3, Tirana:3, Manila:3, Afghanistan:3",correct_vs_wrong,more_correct,test,google/gemma-3-4b-pt
18,456,18,456,2969.42724609375,6,1448,17456,cf_17456,paraphrase_00,paraphrase_prompts,correct_correct,True,BMW Z4 E85,P176,BMW,BMW,Ferrari, the German company BMW. The game was released in 2005 for,the German company BMW. The game was released in 2005 for,,It was ported to the PlayStation Portable in 2006. BMW Z4 E85 is developed by,"{}, produced by","BMW Z4 E85, produced by",0.2869,0.5607,0.2738,1585,753,832,"P176:172, P27:134, P159:132, P449:118, P178:114","Mexico City:3, Jakarta:3, Tirana:3, Manila:3, Afghanistan:3",correct_vs_wrong,more_correct,test,google/gemma-3-4b-pt
18,456,18,456,2943.42724609375,7,983,10819,cf_10819,paraphrase_01,paraphrase_prompts,correct_wrong,False,Lancia Ypsilon,P176,Fiat,Fiat,Chrysler," the Italian car manufacturer Lancia, is a small car that was first introduced in","the Italian car manufacturer Lancia, is a small car that was first introduced in",,"She develops a liking towards him. Lancia Ypsilon, produced by",{} is created by,Lancia Ypsilon is created by,0.2869,0.5607,0.2738,1585,753,832,"P176:172, P27:134, P159:132, P449:118, P178:114","Mexico City:3, Jakarta:3, Tirana:3, Manila:3, Afghanistan:3",correct_vs_wrong,more_correct,test,google/gemma-3-4b-pt
18,456,18,456,2935.23388671875,8,520,15159,cf_15159,paraphrase_00,paraphrase_prompts,correct_wrong,True,Game & Watch,P176,Nintendo,Nintendo,Toyota," Nintendo, is a handheld game console that was released in 1980","Nintendo, is a handheld game console that was released in 1980",,"Not in elimination, not allowed to vote. Game & Watch, produced by","{}, developed by","Game & Watch, developed by",0.2869,0.5607,0.2738,1585,753,832,"P176:172, P27:134, P159:132, P449:118, P178:114","Mexico City:3, Jakarta:3, Tirana:3, Manila:3, Afghanistan:3",correct_vs_wrong,more_correct,test,google/gemma-3-4b-pt
18,456,18,456,2922.9296875,9,2287,4689,cf_4689,paraphrase_01,paraphrase_prompts,correct_wrong,True,IBM 704,P176,IBM,IBM,Honda," IBM in 1960, was the first IBM computer to use transistors","IBM in 1960, was the first IBM computer to use transistors",IBM,"Category:Bays of Graham Land
Category:Graham Coast IBM 704, produced by",{} is a product of,IBM 704 is a product of,0.2869,0.5607,0.2738,1585,753,832,"P176:172, P27:134, P159:132, P449:118, P178:114","Mexico City:3, Jakarta:3, Tirana:3, Manila:3, Afghanistan:3",correct_vs_wrong,more_correct,test,google/gemma-3-4b-pt
18,456,18,456,2914.313720703125,10,3661,21770,cf_21770,paraphrase_01,paraphrase_prompts,correct_correct,True,Infiniti Q45,P176,Nissan,Nissan,Toyota," Nissan, is a luxury crossover SUV. Infiniti Q45 is a luxury crossover","Nissan, is a luxury crossover SUV. Infiniti Q45 is a luxury crossover",,"Voiculeț is a Romanian surname. Infiniti Q45, developed by",{} is produced by,Infiniti Q45 is produced by,0.2869,0.5607,0.2738,1585,753,832,"P176:172, P27:134, P159:132, P449:118, P178:114","Mexico City:3, Jakarta:3, Tirana:3, Manila:3, Afghanistan:3",correct_vs_wrong,more_correct,test,google/gemma-3-4b-pt
18,1664,18,1664,1341.76123046875,1,111,11850,cf_11850,paraphrase_01,paraphrase_prompts,correct_wrong,True,Steve Yzerman,P641,hockey,hockey,football, ice hockey player who has played for the Detroit Red Wings of the National Hockey League,ice hockey player who has played for the Detroit Red Wings of the National Hockey League,hockey,Repairs were completed in 1987. Steve Yzerman is a professional,What sport does {} play? They play,What sport does Steve Yzerman play? They play,0.2111,0.4438,0.2326,1303,596,707,"P176:127, P276:91, P17:90, P449:85, P413:84","Malayali:3, Afghanistan:3, Nordin Amrabat:2, Amos Anderson Art Museum:2, Montour County:2",correct_vs_wrong,more_correct,test,google/gemma-3-4b-pt
18,1664,18,1664,1193.81005859375,2,1703,6041,cf_6041,paraphrase_01,paraphrase_prompts,wrong_wrong,False,Jermain Defoe,P641,soccer,soccer,baseball, footballer who plays as a striker for Premier League club Sunderland and the England national team,footballer who plays as a striker for Premier League club Sunderland and the England national team,,Spain has an embassy in Harare. Jermain Defoe is a professional,What sport does {} play? They play,What sport does Jermain Defoe play? They play,0.2111,0.4438,0.2326,1303,596,707,"P176:127, P276:91, P17:90, P449:85, P413:84","Malayali:3, Afghanistan:3, Nordin Amrabat:2, Amos Anderson Art Museum:2, Montour County:2",correct_vs_wrong,more_correct,test,google/gemma-3-4b-pt
18,1664,18,1664,1144.665283203125,3,3378,3062,cf_3062,paraphrase_00,paraphrase_prompts,correct_correct,True,Chris Paul,P641,basketball,basketball,hockey," basketball player for the New Orleans Hornets. He was born on May 6,","basketball player for the New Orleans Hornets. He was born on May 6,",basketball,"Robert H. Michel (R)
 . Chris Paul is a professional","{}, the","Chris Paul, the",0.2111,0.4438,0.2326,1303,596,707,"P176:127, P276:91, P17:90, P449:85, P413:84","Malayali:3, Afghanistan:3, Nordin Amrabat:2, Amos Anderson Art Museum:2, Montour County:2",correct_vs_wrong,more_correct,test,google/gemma-3-4b-pt
18,1664,18,1664,1046.3675537109375,4,1167,16540,cf_16540,paraphrase_01,paraphrase_prompts,correct_wrong,True,Claudio Reyna,P641,soccer,soccer,baseball, soccer player who plays for the New York Red Bulls. Claudio Reyna is a,soccer player who plays for the New York Red Bulls. Claudio Reyna is a,soccer,The Squadron also developed “Fly Away” weekend comm exercises. Claudio Reyna is a professional,{} plays,Claudio Reyna plays,0.2111,0.4438,0.2326,1303,596,707,"P176:127, P276:91, P17:90, P449:85, P413:84","Malayali:3, Afghanistan:3, Nordin Amrabat:2, Amos Anderson Art Museum:2, Montour County:2",correct_vs_wrong,more_correct,test,google/gemma-3-4b-pt
18,1664,18,1664,1028.2462158203125,5,4306,12659,cf_12659,paraphrase_00,paraphrase_prompts,wrong_wrong,False,Hugo Sánchez,P641,soccer,soccer,football, footballer who plays as a forward for Real Madrid and the Spain national team. He,footballer who plays as a forward for Real Madrid and the Spain national team. He,,It lay derelict by the early 13th century. Hugo Sánchez is a professional,{} professionally plays the sport,Hugo Sánchez professionally plays the sport,0.2111,0.4438,0.2326,1303,596,707,"P176:127, P276:91, P17:90, P449:85, P413:84","Malayali:3, Afghanistan:3, Nordin Amrabat:2, Amos Anderson Art Museum:2, Montour County:2",correct_vs_wrong,more_correct,test,google/gemma-3-4b-pt
18,1664,18,1664,1001.847412109375,6,2854,16626,cf_16626,paraphrase_00,paraphrase_prompts,correct_correct,True,Boris Diaw,P641,basketball,basketball,football," of basketball. The plant is a perennial, and it is a member of the","of basketball. The plant is a perennial, and it is a member of the",,It also grows in both full sun or shade. Boris Diaw professionally plays the sport,What sport does {} play? They play,What sport does Boris Diaw play? They play,0.2111,0.4438,0.2326,1303,596,707,"P176:127, P276:91, P17:90, P449:85, P413:84","Malayali:3, Afghanistan:3, Nordin Amrabat:2, Amos Anderson Art Museum:2, Montour County:2",correct_vs_wrong,more_correct,test,google/gemma-3-4b-pt
18,1664,18,1664,929.2607421875,7,190,13145,cf_13145,paraphrase_00,paraphrase_prompts,wrong_wrong,False,Arundel Formation,P131,Maryland,Maryland,Illinois," geology, a group of sedimentary rocks in the United Kingdom that are part of the","geology, a group of sedimentary rocks in the United Kingdom that are part of the",,"The major crops are cotton, wheat, and sugar cane. Arundel Formation, in",{} is located in,Arundel Formation is located in,0.2111,0.4438,0.2326,1303,596,707,"P176:127, P276:91, P17:90, P449:85, P413:84","Malayali:3, Afghanistan:3, Nordin Amrabat:2, Amos Anderson Art Museum:2, Montour County:2",correct_vs_wrong,more_correct,test,google/gemma-3-4b-pt
18,1664,18,1664,903.133544921875,8,2241,5451,cf_5451,paraphrase_01,paraphrase_prompts,correct_correct,True,Toyota HiAce,P176,Toyota,Toyota,Cadillac, the Japanese automaker Toyota. The Toyota HiAce is a van that was first introduced,the Japanese automaker Toyota. The Toyota HiAce is a van that was first introduced,Toyota,The village forms part of the municipality of Zəngişalı. Toyota HiAce is a product of,{} is created by,Toyota HiAce is created by,0.2111,0.4438,0.2326,1303,596,707,"P176:127, P276:91, P17:90, P449:85, P413:84","Malayali:3, Afghanistan:3, Nordin Amrabat:2, Amos Anderson Art Museum:2, Montour County:2",correct_vs_wrong,more_correct,test,google/gemma-3-4b-pt
18,1664,18,1664,873.9641723632812,9,1031,13,cf_13,paraphrase_01,paraphrase_prompts,correct_wrong,False,Ferrari F40,P176,Ferrari,Ferrari,Microsoft," the 1980s, and it is a car that is still","the 1980s, and it is a car that is still",,"It is located in Baranivka Raion, Zhytomyr Oblast. Ferrari F40 is a product of","{}, developed by","Ferrari F40, developed by",0.2111,0.4438,0.2326,1303,596,707,"P176:127, P276:91, P17:90, P449:85, P413:84","Malayali:3, Afghanistan:3, Nordin Amrabat:2, Amos Anderson Art Museum:2, Montour County:2",correct_vs_wrong,more_correct,test,google/gemma-3-4b-pt
18,1664,18,1664,871.3555908203125,10,1124,181,cf_181,paraphrase_00,paraphrase_prompts,correct_correct,True,Thurman Munson,P413,catcher,catcher,quarterback," a catcher for the New York Yankees.

Pin On Baseball

<h3>The first",a catcher for the New York Yankees.,catcher,Positive stranded RNA virus transcription is the method of transcription. Thurman Munson plays as,{} plays in the position of,Thurman Munson plays in the position of,0.2111,0.4438,0.2326,1303,596,707,"P176:127, P276:91, P17:90, P449:85, P413:84","Malayali:3, Afghanistan:3, Nordin Amrabat:2, Amos Anderson Art Museum:2, Montour County:2",correct_vs_wrong,more_correct,test,google/gemma-3-4b-pt
18,1399,18,1399,2182.09326171875,1,1332,12422,cf_12422,paraphrase_00,paraphrase_prompts,correct_correct,True,Renault 4P,P176,Renault,Renault,BMW, the French car manufacturer Renault. The Renault 4P is a 4-,the French car manufacturer Renault. The Renault 4P is a 4-,Renault,That year Munster faced arch rivals Leinster in the decider. Renault 4P is created by,"{}, developed by","Renault 4P, developed by",0.1599,0.2234,0.0635,493,300,193,"P176:168, P178:114, P27:99, P108:28, P127:27","Google Patents:2, Silvermont:2, Hwasong-5:2, GNU/Linux naming controversy:2, Windows Embedded:2",correct_vs_wrong,more_correct,test,google/gemma-3-4b-pt
18,1399,18,1399,2167.66748046875,2,2085,2287,cf_2287,paraphrase_01,paraphrase_prompts,correct_correct,True,BMW 5 Series Gran Turismo,P176,BMW,BMW,Ferrari, the BMW Group DesignworksUSA in California. The BMW 5 Series Gran Turismo,the BMW Group DesignworksUSA in California. The BMW 5 Series Gran Turismo,BMW,"In 1935, she married Tibor Vilt, a sculptor. BMW 5 Series Gran Turismo is developed by","{}, produced by","BMW 5 Series Gran Turismo, produced by",0.1599,0.2234,0.0635,493,300,193,"P176:168, P178:114, P27:99, P108:28, P127:27","Google Patents:2, Silvermont:2, Hwasong-5:2, GNU/Linux naming controversy:2, Windows Embedded:2",correct_vs_wrong,more_correct,test,google/gemma-3-4b-pt
18,1399,18,1399,2149.8212890625,3,288,11146,cf_11146,paraphrase_00,paraphrase_prompts,correct_correct,True,iPod shuffle,P178,Apple,Apple,Sega," Apple, is a small, portable music player that can be used to listen to","Apple, is a small, portable music player that can be used to listen to",,"0 !! iPod shuffle, a product created by","{}, created by","iPod shuffle, created by",0.1599,0.2234,0.0635,493,300,193,"P176:168, P178:114, P27:99, P108:28, P127:27","Google Patents:2, Silvermont:2, Hwasong-5:2, GNU/Linux naming controversy:2, Windows Embedded:2",correct_vs_wrong,more_correct,test,google/gemma-3-4b-pt
18,1399,18,1399,2148.221923828125,4,1657,9707,cf_9707,paraphrase_01,paraphrase_prompts,correct_correct,True,Infiniti Q50,P176,Nissan,Nissan,Fiat, the Nissan Motor Company. The Infiniti Q50 is a mid-size luxury,the Nissan Motor Company. The Infiniti Q50 is a mid-size luxury,Nissan,"The black community numbered about 20,000. Infiniti Q50 is created by","{}, created by","Infiniti Q50, created by",0.1599,0.2234,0.0635,493,300,193,"P176:168, P178:114, P27:99, P108:28, P127:27","Google Patents:2, Silvermont:2, Hwasong-5:2, GNU/Linux naming controversy:2, Windows Embedded:2",correct_vs_wrong,more_correct,test,google/gemma-3-4b-pt
18,1399,18,1399,2113.50927734375,5,594,1997,cf_1997,paraphrase_00,paraphrase_prompts,correct_correct,True,Suzuki GSX-R750,P176,Suzuki,Suzuki,Nissan, Suzuki Motor Corporation. The Suzuki GSX-R750 is a ,Suzuki Motor Corporation. The Suzuki GSX-R750 is a,Suzuki,(It was historically used as civil ensign as well.) Suzuki GSX-R750 is created by,"{}, produced by","Suzuki GSX-R750, produced by",0.1599,0.2234,0.0635,493,300,193,"P176:168, P178:114, P27:99, P108:28, P127:27","Google Patents:2, Silvermont:2, Hwasong-5:2, GNU/Linux naming controversy:2, Windows Embedded:2",correct_vs_wrong,more_correct,test,google/gemma-3-4b-pt
18,1399,18,1399,2110.60009765625,6,753,19819,cf_19819,paraphrase_01,paraphrase_prompts,correct_wrong,True,Dodge Avenger,P176,Dodge,Dodge,Honda," the Chrysler Group, a subsidiary of the American automaker Chrysler. Dodge Avenger is a","the Chrysler Group, a subsidiary of the American automaker Chrysler. Dodge Avenger is a",,But people on drugs don't behave normally.' Dodge Avenger is created by,{} is a product of,Dodge Avenger is a product of,0.1599,0.2234,0.0635,493,300,193,"P176:168, P178:114, P27:99, P108:28, P127:27","Google Patents:2, Silvermont:2, Hwasong-5:2, GNU/Linux naming controversy:2, Windows Embedded:2",correct_vs_wrong,more_correct,test,google/gemma-3-4b-pt
18,1399,18,1399,2110.409423828125,7,175,20971,cf_20971,paraphrase_01,paraphrase_prompts,correct_wrong,True,Chevrolet Corvette C5-R,P176,Chevrolet,Chevrolet,Atari," the American company Chevrolet, is a sports car, which is a development of the","the American company Chevrolet, is a sports car, which is a development of the",,"Uncut called Pornography ""a masterpiece of claustrophobic self-loathing"". Chevrolet Corvette C5-R, created by",{} is produced by,Chevrolet Corvette C5-R is produced by,0.1599,0.2234,0.0635,493,300,193,"P176:168, P178:114, P27:99, P108:28, P127:27","Google Patents:2, Silvermont:2, Hwasong-5:2, GNU/Linux naming controversy:2, Windows Embedded:2",correct_vs_wrong,more_correct,test,google/gemma-3-4b-pt
18,1399,18,1399,2102.48046875,8,779,1444,cf_1444,paraphrase_01,paraphrase_prompts,correct_wrong,False,Dodge Dynasty,P176,Dodge,Dodge,Triumph, the Corona program. The Corona program was a secret project of the United States.,the Corona program. The Corona program was a secret project of the United States.,,"The first successful Corona mission began on August 10, 1963. Dodge Dynasty is created by","{}, produced by","Dodge Dynasty, produced by",0.1599,0.2234,0.0635,493,300,193,"P176:168, P178:114, P27:99, P108:28, P127:27","Google Patents:2, Silvermont:2, Hwasong-5:2, GNU/Linux naming controversy:2, Windows Embedded:2",correct_vs_wrong,more_correct,test,google/gemma-3-4b-pt
18,1399,18,1399,2086.81640625,9,3771,11697,cf_11697,paraphrase_01,paraphrase_prompts,correct_correct,True,BMW 4 Series,P176,BMW,BMW,Dodge, the BMW Group. The BMW 4 Series is a 2-door coupe,the BMW Group. The BMW 4 Series is a 2-door coupe,BMW,"He told the President of the Keely Motor Company, A.R. BMW 4 Series is created by",{} is a product of,BMW 4 Series is a product of,0.1599,0.2234,0.0635,493,300,193,"P176:168, P178:114, P27:99, P108:28, P127:27","Google Patents:2, Silvermont:2, Hwasong-5:2, GNU/Linux naming controversy:2, Windows Embedded:2",correct_vs_wrong,more_correct,test,google/gemma-3-4b-pt
18,1399,18,1399,2084.7578125,10,2255,11746,cf_11746,paraphrase_01,paraphrase_prompts,correct_wrong,True,Chevrolet Caprice,P176,Chevrolet,Chevrolet,IBM," the American company General Motors, is a full-size car. The Chevrolet Cap","the American company General Motors, is a full-size car. The Chevrolet Cap",,"This led to nature photography and, subsequently, to filmmaking. Chevrolet Caprice, created by","{}, produced by","Chevrolet Caprice, produced by",0.1599,0.2234,0.0635,493,300,193,"P176:168, P178:114, P27:99, P108:28, P127:27","Google Patents:2, Silvermont:2, Hwasong-5:2, GNU/Linux naming controversy:2, Windows Embedded:2",correct_vs_wrong,more_correct,test,google/gemma-3-4b-pt
18,10787,18,10787,576.8016967773438,1,262,2081,cf_2081,paraphrase_00,paraphrase_prompts,correct_correct,True,IBM Network Control Program,P178,IBM,IBM,Boeing," IBM, is a software package that provides a comprehensive solution for managing and controlling network","IBM, is a software package that provides a comprehensive solution for managing and controlling network",,"Soviet Cup winner: 1989. IBM Network Control Program, a product developed by",{} was developed by,IBM Network Control Program was developed by,0.1004,0.1191,0.0188,217,160,57,"P176:119, P178:72, P108:23, P264:3","Shigeru Miyamoto:2, Ferrari 125 S:2, ColorSync:2, Ian Fraser, Baron Fraser of Lonsdale:2, Chevrolet Spark:2",correct_vs_wrong,more_correct,test,google/gemma-3-4b-pt
18,10787,18,10787,575.7538452148438,2,3190,20464,cf_20464,paraphrase_00,paraphrase_prompts,correct_wrong,False,iChat,P178,Apple,Apple,Square," Acrosoft, was acquired by Hyland Software in 2016","Acrosoft, was acquired by Hyland Software in 2016",,"In May 2016, the company sold Acrosoft to Hyland Software. iChat, a product developed by","{}, a product manufactured by","iChat, a product manufactured by",0.1004,0.1191,0.0188,217,160,57,"P176:119, P178:72, P108:23, P264:3","Shigeru Miyamoto:2, Ferrari 125 S:2, ColorSync:2, Ian Fraser, Baron Fraser of Lonsdale:2, Chevrolet Spark:2",correct_vs_wrong,more_correct,test,google/gemma-3-4b-pt
18,10787,18,10787,564.6737670898438,3,288,11146,cf_11146,paraphrase_00,paraphrase_prompts,correct_correct,True,iPod shuffle,P178,Apple,Apple,Sega," Apple, is a small, portable music player that can be used to listen to","Apple, is a small, portable music player that can be used to listen to",,"0 !! iPod shuffle, a product created by","{}, created by","iPod shuffle, created by",0.1004,0.1191,0.0188,217,160,57,"P176:119, P178:72, P108:23, P264:3","Shigeru Miyamoto:2, Ferrari 125 S:2, ColorSync:2, Ian Fraser, Baron Fraser of Lonsdale:2, Chevrolet Spark:2",correct_vs_wrong,more_correct,test,google/gemma-3-4b-pt
18,10787,18,10787,543.8780517578125,4,2123,17807,cf_17807,paraphrase_01,paraphrase_prompts,correct_wrong,False,Front Mission 3,P178,Square,Square,Google," Carnegie Vanguard's students, was awarded the 2011 National Science","Carnegie Vanguard's students, was awarded the 2011 National Science",,"Carnegie Vanguard's academics have been widely recognized in the country. Front Mission 3, a product created by",{} is a product of,Front Mission 3 is a product of,0.1004,0.1191,0.0188,217,160,57,"P176:119, P178:72, P108:23, P264:3","Shigeru Miyamoto:2, Ferrari 125 S:2, ColorSync:2, Ian Fraser, Baron Fraser of Lonsdale:2, Chevrolet Spark:2",correct_vs_wrong,more_correct,test,google/gemma-3-4b-pt
18,10787,18,10787,533.1943359375,5,3681,12794,cf_12794,paraphrase_01,paraphrase_prompts,correct_correct,True,IBM Parallel Sysplex,P178,IBM,IBM,Apple, IBM to provide a high-availability solution for large-scale computing environments. The,IBM to provide a high-availability solution for large-scale computing environments. The,IBM,":
M’ stába tâ dâ. IBM Parallel Sysplex was developed by",{} is developed by,IBM Parallel Sysplex is developed by,0.1004,0.1191,0.0188,217,160,57,"P176:119, P178:72, P108:23, P264:3","Shigeru Miyamoto:2, Ferrari 125 S:2, ColorSync:2, Ian Fraser, Baron Fraser of Lonsdale:2, Chevrolet Spark:2",correct_vs_wrong,more_correct,test,google/gemma-3-4b-pt
18,10787,18,10787,532.8262939453125,6,1333,12422,cf_12422,paraphrase_01,paraphrase_prompts,correct_correct,True,Renault 4P,P176,Renault,Renault,BMW," Renault in 1961, was a small car with a 4","Renault in 1961, was a small car with a 4",Renault,"(1951) On the Experimental Attainment of Optimum Conditions (with discussion). Renault 4P, produced by","{}, developed by","Renault 4P, developed by",0.1004,0.1191,0.0188,217,160,57,"P176:119, P178:72, P108:23, P264:3","Shigeru Miyamoto:2, Ferrari 125 S:2, ColorSync:2, Ian Fraser, Baron Fraser of Lonsdale:2, Chevrolet Spark:2",correct_vs_wrong,more_correct,test,google/gemma-3-4b-pt
18,10787,18,10787,522.1727905273438,7,2127,14920,cf_14920,paraphrase_01,paraphrase_prompts,wrong_wrong,False,Hwasong-5,P176,Iran,Iran,Honda," North Korea, is a three-stage solid-fuelled ballistic missile with a","North Korea, is a three-stage solid-fuelled ballistic missile with a",,"Seven of these are endemic. Hwasong-5, developed by",{} is developed by,Hwasong-5 is developed by,0.1004,0.1191,0.0188,217,160,57,"P176:119, P178:72, P108:23, P264:3","Shigeru Miyamoto:2, Ferrari 125 S:2, ColorSync:2, Ian Fraser, Baron Fraser of Lonsdale:2, Chevrolet Spark:2",correct_vs_wrong,more_correct,test,google/gemma-3-4b-pt
18,10787,18,10787,509.2741394042969,8,982,10819,cf_10819,paraphrase_00,paraphrase_prompts,correct_wrong,True,Lancia Ypsilon,P176,Fiat,Fiat,Chrysler," the Italian company Fiat, is a compact car with a 1.4-","the Italian company Fiat, is a compact car with a 1.4-",,"Optimality 
It is known that Grover's algorithm is optimal. Lancia Ypsilon, developed by",{} is created by,Lancia Ypsilon is created by,0.1004,0.1191,0.0188,217,160,57,"P176:119, P178:72, P108:23, P264:3","Shigeru Miyamoto:2, Ferrari 125 S:2, ColorSync:2, Ian Fraser, Baron Fraser of Lonsdale:2, Chevrolet Spark:2",correct_vs_wrong,more_correct,test,google/gemma-3-4b-pt
18,10787,18,10787,504.33697509765625,9,2126,14920,cf_14920,paraphrase_00,paraphrase_prompts,wrong_wrong,False,Hwasong-5,P176,Iran,Iran,Honda," North Korea, is a long-range missile that can reach the United States.","North Korea, is a long-range missile that can reach the United States.",,"It is a biopic of Empress Elisabeth of Austria. Hwasong-5, created by",{} is developed by,Hwasong-5 is developed by,0.1004,0.1191,0.0188,217,160,57,"P176:119, P178:72, P108:23, P264:3","Shigeru Miyamoto:2, Ferrari 125 S:2, ColorSync:2, Ian Fraser, Baron Fraser of Lonsdale:2, Chevrolet Spark:2",correct_vs_wrong,more_correct,test,google/gemma-3-4b-pt
18,10787,18,10787,501.3927612304688,10,3680,12794,cf_12794,paraphrase_00,paraphrase_prompts,correct_correct,True,IBM Parallel Sysplex,P178,IBM,IBM,Apple," IBM, is a mainframe computer system that allows multiple IBM mainframe computers to share a","IBM, is a mainframe computer system that allows multiple IBM mainframe computers to share a",,"The track features Kate Havnevik on guest vocals and co-writing. IBM Parallel Sysplex, a product manufactured by",{} is developed by,IBM Parallel Sysplex is developed by,0.1004,0.1191,0.0188,217,160,57,"P176:119, P178:72, P108:23, P264:3","Shigeru Miyamoto:2, Ferrari 125 S:2, ColorSync:2, Ian Fraser, Baron Fraser of Lonsdale:2, Chevrolet Spark:2",correct_vs_wrong,more_correct,test,google/gemma-3-4b-pt
18,1652,18,1652,1394.892333984375,1,3806,2707,cf_2707,paraphrase_00,paraphrase_prompts,wrong_wrong,False,Ingrian Finns,P103,Finnish,Finnish,Dutch," of the Finno-Ugric language family, which is related to the Hungarian","of the Finno-Ugric language family, which is related to the Hungarian",,Bocchi's classmate who loves sweets. Ingrian Finns spoke the language,"{}, a native","Ingrian Finns, a native",0.0939,0.2025,0.1086,602,272,330,"P103:154, P37:152, P364:136, P1412:115, P407:37","World Health Organization:3, The Kathmandu Post:2, An Iceland Fisherman:2, Treaty of Kars:2, An Innocent Man:2",correct_vs_wrong,more_correct,test,google/gemma-3-4b-pt
18,1652,18,1652,1373.28857421875,2,2488,820,cf_820,paraphrase_00,paraphrase_prompts,wrong_wrong,False,Robert Naunton,P1412,English,English,Spanish, of the people. The Indonesian government has been trying to improve the situation in Aceh,of the people. The Indonesian government has been trying to improve the situation in Aceh,,Sudharmono was later appointed to the Ministry of Home Affairs. Robert Naunton speaks the language,{} writes in,Robert Naunton writes in,0.0939,0.2025,0.1086,602,272,330,"P103:154, P37:152, P364:136, P1412:115, P407:37","World Health Organization:3, The Kathmandu Post:2, An Iceland Fisherman:2, Treaty of Kars:2, An Innocent Man:2",correct_vs_wrong,more_correct,test,google/gemma-3-4b-pt
18,1652,18,1652,1355.4398193359375,3,836,21854,cf_21854,paraphrase_00,paraphrase_prompts,correct_wrong,False,Jean Lefebvre,P103,French,French,English, of the people and was able to communicate with them. The team was led by,of the people and was able to communicate with them. The team was led by,,The team finished with an overall record of 8–9. Jean Lefebvre spoke the language,The native language of {} is,The native language of Jean Lefebvre is,0.0939,0.2025,0.1086,602,272,330,"P103:154, P37:152, P364:136, P1412:115, P407:37","World Health Organization:3, The Kathmandu Post:2, An Iceland Fisherman:2, Treaty of Kars:2, An Innocent Man:2",correct_vs_wrong,more_correct,test,google/gemma-3-4b-pt
18,1652,18,1652,1338.204833984375,4,806,17877,cf_17877,paraphrase_00,paraphrase_prompts,correct_wrong,False,Muonio,P37,Finnish,Finnish,English, of the Sámi people to be the official language of the municipality. The Sá,of the Sámi people to be the official language of the municipality. The Sá,,"For her part, Pasabán remarked, ""I am confused. The law in Muonio declares the language",The official language of {} is,The official language of Muonio is,0.0939,0.2025,0.1086,602,272,330,"P103:154, P37:152, P364:136, P1412:115, P407:37","World Health Organization:3, The Kathmandu Post:2, An Iceland Fisherman:2, Treaty of Kars:2, An Innocent Man:2",correct_vs_wrong,more_correct,test,google/gemma-3-4b-pt
18,1652,18,1652,1306.95458984375,5,513,4593,cf_4593,paraphrase_01,paraphrase_prompts,correct_correct,True,Kalajoki,P37,Finnish,Finnish,Chinese," of the elderly to be Finnish.

The Kalajoki City Council has decided",of the elderly to be Finnish.,Finnish,An important step for the growing older population. The law in Kalajoki declares the language,The official language of {} is,The official language of Kalajoki is,0.0939,0.2025,0.1086,602,272,330,"P103:154, P37:152, P364:136, P1412:115, P407:37","World Health Organization:3, The Kathmandu Post:2, An Iceland Fisherman:2, Treaty of Kars:2, An Innocent Man:2",correct_vs_wrong,more_correct,test,google/gemma-3-4b-pt
18,1652,18,1652,1302.592529296875,6,1721,18907,cf_18907,paraphrase_01,paraphrase_prompts,correct_wrong,False,Boris Vian,P103,French,French,Dutch," of the street, and his work was a reflection of the world he lived in","of the street, and his work was a reflection of the world he lived in",,"It was later re-designated ""Company M"", and later, ""Company B"". Boris Vian spoke the language","{}, a native","Boris Vian, a native",0.0939,0.2025,0.1086,602,272,330,"P103:154, P37:152, P364:136, P1412:115, P407:37","World Health Organization:3, The Kathmandu Post:2, An Iceland Fisherman:2, Treaty of Kars:2, An Innocent Man:2",correct_vs_wrong,more_correct,test,google/gemma-3-4b-pt
18,1652,18,1652,1288.504638671875,7,1099,20030,cf_20030,paraphrase_01,paraphrase_prompts,correct_wrong,False,Mimie Mathy,P103,French,French,English," of the people of the region, and was a member of the Polish Academy of","of the people of the region, and was a member of the Polish Academy of",,The later being proposed for Zakłodzie and NWA 4301. Mimie Mathy spoke the language,The native language of {} is,The native language of Mimie Mathy is,0.0939,0.2025,0.1086,602,272,330,"P103:154, P37:152, P364:136, P1412:115, P407:37","World Health Organization:3, The Kathmandu Post:2, An Iceland Fisherman:2, Treaty of Kars:2, An Innocent Man:2",correct_vs_wrong,more_correct,test,google/gemma-3-4b-pt
18,1652,18,1652,1285.1123046875,8,1280,7190,cf_7190,paraphrase_00,paraphrase_prompts,wrong_wrong,False,Nazi Boni,P103,French,French,Dutch," of the people, and he was a man of the people. He was a","of the people, and he was a man of the people. He was a",,(June 1992) Türkiye Futbol Federasyonu Yayınları. Nazi Boni spoke the language,"{}, speaker of","Nazi Boni, speaker of",0.0939,0.2025,0.1086,602,272,330,"P103:154, P37:152, P364:136, P1412:115, P407:37","World Health Organization:3, The Kathmandu Post:2, An Iceland Fisherman:2, Treaty of Kars:2, An Innocent Man:2",correct_vs_wrong,more_correct,test,google/gemma-3-4b-pt
18,1652,18,1652,1280.13037109375,9,332,19626,cf_19626,paraphrase_00,paraphrase_prompts,wrong_wrong,False,Juan de Espinosa Medrano,P103,Spanish,Spanish,French," of the people of the area, and was able to communicate with them. The","of the people of the area, and was able to communicate with them. The",,Tweedie died on 22 March 1934 in Edinburgh. Juan de Espinosa Medrano spoke the language,"{}, speaker of","Juan de Espinosa Medrano, speaker of",0.0939,0.2025,0.1086,602,272,330,"P103:154, P37:152, P364:136, P1412:115, P407:37","World Health Organization:3, The Kathmandu Post:2, An Iceland Fisherman:2, Treaty of Kars:2, An Innocent Man:2",correct_vs_wrong,more_correct,test,google/gemma-3-4b-pt
18,1652,18,1652,1279.717529296875,10,1685,16085,cf_16085,paraphrase_01,paraphrase_prompts,wrong_wrong,False,Nyusha,P103,Russian,Russian,French," of the elves, and the elves were the first to speak the language of the","of the elves, and the elves were the first to speak the language of the",,"Accordingly, the German word Alpdruck (literally ""elf-oppression"") means ""nightmare"". Nyusha spoke the language",{} is a native speaker of,Nyusha is a native speaker of,0.0939,0.2025,0.1086,602,272,330,"P103:154, P37:152, P364:136, P1412:115, P407:37","World Health Organization:3, The Kathmandu Post:2, An Iceland Fisherman:2, Treaty of Kars:2, An Innocent Man:2",correct_vs_wrong,more_correct,test,google/gemma-3-4b-pt
